Song,Lyrics,Lyricist,Artist,Composer,Album,Year,Metaphor,Meaning,Source,Target
2021 LPL Song,"ක්‍රිකට් ලොව කලබා
පිටිය යලි සරසා
එක්ව ජයගමු
ලොවම ජයගමු
සිංහ නද පතුරා

ක්‍රිකට් තරු දිලෙනා
අපේ කම රකිනා
තරඟ බිම හිඳ
ලොවම කලඹන
සිංහ නද පතුරා

එක්ව ජයගමු
රොක් වී ජයගමු
සටන ජයගමු
රටම ජයගමු
ලොවේ සිව්දිග
ජය ගී හඬ නංවා

එක්ව ජයගමු
රොක් වී ජයගමු
සටන ජයගමු
රටම ජයගමු
ලොවේ සිව්දිග
ජය ගී හඬ නංවා

The cricket world is on fire
The wickets calling out to you
It’s the sensation – of the generation
Can you hear the lion’s roar

It’s the battle of the champions
It’s the glory of the nation
It’s a celebration – It’s a revolution
You can feel it everywhere

Winning together
Striving together
Rising together
Glowing forever
LPL is the moment we win together

tamil part

වරම් අරන් පිත්ත වනන්
අපි ගහන සැරට පන්දුව දැල්වෙන්නේ
දෙනෙත් ඇරන් ඉන්න බලන්
අපේ වේගේට මේ කඩුලුත් ගැලවෙන්නේ
ජය ඝෝෂා පපරේ සද්දේ මැද
පිටියත් අපේ තාලෙට පැරදෙන්නේ
ශ්‍රී ලංකා සිංහ පිටිය ළඟ
කවදත් එක් වී ලොව ජයගන්නේ

ක්‍රිකට් ලොව කලබා
පිටිය යලි සරසා
එක්ව ජයගමු
ලොවම ජයගමු
සිංහ නද පතුරා

ක්‍රිකට් තරු දිලෙනා
අපේ කම රකිනා
තරඟ බිම හිඳ
ලොවම කලඹන
සිංහ නද පතුරා

එක්ව ජයගමු
රොක් වී ජයගමු
සටන ජයගමු
රටම ජයගමු
ලොවේ සිව්දිග
ජය ගී හඬ නංවා

එක්ව ජයගමු
රොක් වී ජයගමු
සටන ජයගමු
රටම ජයගමු
ලොවේ සිව්දිග
ජය ගී හඬ නංවා",Yohan Abeykoon & Santhush Weeraman (Sinhala); Randhir Witana (English); ADK (Tamil Rap); Rapzilla LKM (Sinhala Rap),BnS; Umaria Sinhawansa; Yohani; ADK; Sanka Dineth; Sajitha Anthony,Santhush Weeraman; Chrishan Fernando,NA,2021,සිංහ නද පතුරා,Sri Lanka's pride,Lion's roar,pride
Aaley Mal,"සංසාරේ මා හද ගැස්ම
සොයන්නම වාගේ ආ ආවා
ශෘංගාරේ පෑ හිත
හීන මවන්නම් රහසේ පා පායා

ආලේ මල්
පිපුණිද මේ දවල්
අත අල්ලාගෙන ආවේ
ඔයාදෝ

හාද වෙලා
පියඹාලා සුළං
රැල් අතර මගේ අසලින්
හිඳින්කෝ
ඔයාදෝ

ආඩම්බරේ මා අම්බරේ
තරුවක් වගේ ඉන්නම්
හැන්දෑකරේ අන්ධකාරේ
හැංගී හිනා වෙන්නම්

ඒ හීනය නතුකර
ඔබගේ පාමුල තියා
මා ඔබ සතු වන්නට
නොඉඳුල් හිත පේ වීලා
සැබැවින් රන් නොපලන්දා
ප්‍රේමයනම් නම් අත් වින්දා
මේ ආශා දැහැනේ නිද්රාගත වෙම් මා

ආලේ මල්
පිපුණිද මේ දවල්
අත අල්ලාගෙන ආවේ
ඔයාදෝ

හාද වෙලා
පියඹාලා සුළං
රැල් අතර මගේ අසලින්
හිඳින්කෝ

සගමප ග රි
සගමනි ප ම
සගමප ගරිසනි ස
ඔයාදෝ

ආලේ මල්
අත අල්ලාගෙන ආවේ
ඔයාදෝ

හාද වෙලා
පියඹාලා සුළං
රැල් අතර මගේ අසලින්
හිඳින්කෝ

ආලේ මල්
පිපුණිද මේ දවල්
අත අල්ලාගෙන ආවේ
ඔයාදෝ

හාද වෙලා
පියඹාලා සුළං
රැල් අතර මගේ අසලින්
හිඳින්කෝ",Lasitha Jayaneththi Arachchige,Kanchana Anuradhi; Rivindu Wanniachchi,Dilshan L Silva,Aaley Mal,2022,ආලේ මල්පි පුණිද මේ දවල්,Did I fall in love?,Love,Flowers
Adare Hati,"සුසුම් වලට හීන පොවන තරු වලද එතී
හැඟුම් දහස් කතා කියයි නුඹ ගැනම නිතී
රහස් එක්ක හිත අහුලන ඇස් වලට එබී
හීන වලට පණ දෙනවද නුඹ කවදා හරී

සුසුම් වලට හීන පොවන තරු වලද එතී
හැඟුම් දහස් කතා කියයි නුඹ ගැනම නිතී
රහස් එක්ක හිත අහුලන ඇස් වලට එබී
හීන වලට පණ දෙනවද නුඹ කවදා හරී

හාදු ඉහින දෙතොල් අතර නවතින්න සිතී
කොතෙක් දුරක් වුවත් සසරේ නුඹ එක්ක එමී…
රෑට අහසේ රටා මවන තරු අතර වැටී
හීන වලට පණ දෙනවද නුඹ කවදා හරී

හාදු ඉහින දෙතොල් අතර නවතින්න සිතී
කොතෙක් දුරක් වුවත් සසරේ නුඹ එක්ක එමී
රෑට අහසේ රටා මවන තරු අතර වැටී
හීන වලට පණ දෙනවද නුඹ කවදා හරී

අහම්බයක් වගේ දැනුණ කවි අතර මැවී
අතරමංද අහන්නෙපා නුඹ දැනුණා මට වැඩී
හිමි වේ නම් බලාගනිමි නුඹේ පහසේ මං රැදී
අහිමි වුනොත් දරාගනිමි මේ ආදරේ හැටී

අහම්බයක් වගේ දැනුණ කවි අතර මැවී
අතරමංද අහන්නෙපා නුඹ දැනුණා මට වැඩී
හිමි වේ නම් බලාගනිමි නුඹේ පහසේ මං රැදී
අහිමි වුනොත් දරාගනිමි මේ ආදරේ හැටී

සුසුම් වලට හීන පොවන තරු වලද එතී
හැඟුම් දහස් කතා කියයි නුඹ ගැනම නිතී
රහස් එක්ක හිත අහුලන ඇස් වලට එබී
හීන වලට පණ දෙනවද නුඹ කවදා හරී

සුසුම් වලට හීන පොවන තරු වලද එතී
හැඟුම් දහස් කතා කියයි නුඹ ගැනම නිතී
රහස් එක්ක හිත අහුලන ඇස් වලට එබී
හීන වලට පණ දෙනවද නුඹ කවදා හරී",Sewwandi Wickramasinghe,Nadeemal Perera,Radeesh Vandabona,NA,2022,සුසුම් වලට හීන පොවන තරු වලද එතී,Giving life,Life,Dreams
Adariye,"නුඹගේ චායා
රූ අතරේ මා හා
ඇදිලා

මතකේ පුරා
විසිරී ගියා
සිත මා
සොදුරේ නුඹ මා
දෙස නොබලා බලා
ගිය දා

නුඹ මගේම තමා
සිතුනා

ආදරියේ
ආදරියේ
ආදරියේ
ආදරියේ

නුඹ මේ චන්ද්‍රා
තරු අතරේ පායා
දිලෙනා

නොදොඩා ගිය දා
නෙත් අතරේ වර්ෂා
හැලුනා

සැනෙකින් බැදෙනා
සිත මන්මත් කරනා
අගනා

නුඹ රූ වරුනා
නැත ලොවෙහී කිසිදා
දැක මා

ආදරියේ
ආදරියේ
ආදරියේ
ආදරියේ",Dhanith Sri,Dhanith Sri,Nadeemal Perera,Alokawarsha,2020,නෙත් අතරේ වර්ෂා හැලුනා,Cried,Tears,Rain
Ahasin Eha,"අහසින් එහා
තරු මං දිගේ
පියඹන්න දැන්
විහඟෙකු ලෙසින්
අහසින් එහා
සිහිනය දිගේ
පියඹන්න නම්
ආසයි ඉතිං
හිත කළඹමින්
හැඟුමන් එබී
ඔච්චම් කළේ
කවදාක හෝ
නොදැනුණු ලෙසින්
හද ගී පොතේ
සත්සර නැගී
ඒ ආදරේ
සිතුවිලි කුසුම්
විකසිත වෙමින්
මකරන්ද සුවඳින් පිරේ
ඔබගේ හඬින්
විවරණ අරන්
ජීවිතය ගීයක් වුනේ
දවසක උතුම්
කිරුළක් දරන්
ඔබ එන්න රැජිනක් ලෙසින්
හිත කළඹමින්
හැඟුමන් එබී
ඔච්චම් කළේ
කවදාක හෝ
නොදැනුණු ලෙසින්
අහසින් එහා
තරු මං දිගේ
පියඹන්න දැන්
විහඟෙකු ලෙසින්
අහසින් එහා
සිහිනය දිගේ
පියඹන්න නම්
ආසයි ඉතිං
හිත කළඹමින්
හැඟුමන් එබී
ඔච්චම් කළේ
කවදාක හෝ
නොදැනුණු ලෙසින්
හද ගී පොතේ
සත්සර නැගී
ඒ ආදරේ",Nilar N Cassim,Kasun Kalhara; Uresha Ravihari,Udara Samaraweera,NA,2016,"තරු මං දිගේ
සිතුවිලි කුසුම්","During life
Thoughts","Life
Thoughts","Stars
Flowers"
Akikaru Pem Kathawak,"සීත හිම මත වතාවක්
නිම උනා පෙම් කතාවක්
අරුත සඟවා ඔහේ ලියැවුණු 
අකීකරු පෙම් කතාවක්

නින්ද නැති මැදියම පුරා
හැඬූවත් දෙතැනට වෙලා
නොදැන සිටියා නොවෙයි නුඹ මා
දිනක් එන බව වෙන් වනා

අතීතය මා ලඟ තියා
හිතේ තරහක් නෑ කියා
ළඟින් ළඟ එන වසන්තය වෙත
යන්න හිම කවුළුව වසා",Lakmi Prabha Ratnayake,Kanchana Anuradhi,Pasan Liyanage ,NA,2019,ළඟින් ළඟ එන වසන්තය වෙත,Towards a good life,Good life,Spring
Amma Wage,"මාගෙන් ඈතට
යනවාදෝ නුඹ
ස්නේහයේ මුදු පළඳා
හදේහී නැගෙනා
හැගුමන් බෝමා
පවසනු බෑ නුඹ හා

අම්මා වගේ දුන් ආදරේ
රකිමී සදා සංසාරයේ
අම්මා වගේ දුන් ආදරේ
රකිමී සදා සංසාරයේ

දෙව් දූ නුඹමයි
මල් වැහි වෑහෙයි
කුමරුන්ගේ තුරුලේ නිවෙනා
මා පිය සෙනෙහේ
නුඹෙ හිස පළඳා
වැජබේවා… සැමදා

අම්මා වගේ දුන් ආදරේ
රකිමී සදා සංසාරයේ
අම්මා වගේ දුන් ආදරේ
රකිමී සදා සංසාරයේ",Kanchana Anuradhi,Kanchana Anuradhi,Kanchana Anuradhi; Dinesh Gamage,NA,2021,දෙව් දූ නුඹමයි,You are kind,Mother,Angel
Ananthe Pura,"ලයේ සතපා මා බාලයේ හොවා..
සිතේ දුක් සාගරේ දරා මා නිසා..
කාලයක් ගෙවී දැඩි වූවත් මගේ..
සිතින් දරන්න බෑ නොමැති නම් ළඟ මගේ..
පවසන්නම් ඉතින් ඇසෙයිනම් හඬ මගේ..

දරා වේදනා මා කුසයේ දරාලා නුඹ සිටියා මගේ අම්මේ..
සදා මාලිගා මා හර්දේම හංගා නුඹ සිටියා මගේ තාත්තේ..

නුඹේ පැතුමන් මා නිසා පසෙක ලා..
මගේ මුලු ලෝකයේ පුරා හැඩකලා..
නොසෙල්වී මහා පොළවේ පය ගසා..
සිටින්නේ නුඹේ මහමෙරක් ගුණ නිසා..
වසන්තේ මගෙයි නුඹ මගේ ළඟ නිසා..

ලෝකේ දුටුවා මා..
මිනිසුන් හ්ඳුනයි මා..
බැඳීමෙන් මගේ..
මිඳී යන්න දැන්..
අනන්තේ පුරා

ලෝකේ දුටුවා මා..
මිනිසුන් හ්ඳුනයි මා..
බැඳීමෙන් මගේ..
මිඳී යන්න දැන්..
අනන්තේ පුරා

ලෝකේ දුටුවා මා..
මිනිසුන් හ්ඳුනයි මා..
බැඳීමෙන් මගේ..
මිඳී යන්න දැන්..
අනන්තේ පුරා

ලෝකේ දුටුවා මා..
මිනිසුන් හ්ඳුනයි මා..
බැඳීමෙන් මගේ..
මිඳී යන්න දැන්..
අනන්තේ පුරා",Dhanith Sri ,Dhanith Sri ,Mahesh Kankanige; Dhanith Sri,Alokawarsha,2021,සදා මාලිගා මා හර්දේම හංගා,Giving me a hopeful personality,Hope,Castle
As Wasa,"ඇස්වසාගෙන ඉමු කියා
මට හොරෙන් දැන් නුඹ ගියා
හිතුවෙ නෑ නුඹ යයි කියා

හිත පුරා යන දුක කියා
ගනු කෙනෙක් මට නැති නිසා
කෑ ගසා මම ගොළු වුනා

කළු වෙලා අහස ගොරවනා දාට
නුඹගේ මතකෙ රිදුනා
නුඹ නැතත් ලගම වරලසේ සුවද
මට ලගින්ම දැනුනා

කවුරුත් නෑ හමුවීලා
නුඹ වාගෙ මාගෙන් සමුගන්නා
කවුරුත් නෑ හමුවීලා
නුඹ වාගෙ සමුගන්නා

මට දරා ගනු බැරි නිසා
කදුලකින් සිත පිහිදුවා
ඒ තරම් ලෙන්ගතු නිසා

ඒ හැගුම් බර වැඩි නිසා
අහසටත් දුක තෙරුනා
වැරදුනේ කොතනද කියා

කළු වෙලා අහස ගොරවනා දාට
නුඹගේ මතකෙ රිදුනා
නුඹ නැතත් ලගම වරලසේ සුවද
මට ලගින්ම දැනුනා

කවුරුත් නෑ හමුවීලා
නුඹ වාගෙ මාගෙන් සමුගන්නා
කවුරුත් නෑ හමුවීලා
නුඹ වාගෙ සමුගන්නා

විදවනා හීන අතලගින් දුන්න රෑ පුරා කවි ලියා
නොමියෙනා හීන මියදෙනා දාට මම ඉතින් තනි වුනා

නුඹ ලගින් තියපු මතකයේ සුවද අද උඹත් පෑරෙනා
සුළගටත් රිදෙන ආදරේ තරම අපි ලොවට පෙන්නුවා

කළු වෙලා අහස ගොරවනා දාට
නුඹගේ මතකෙ රිදුනා
නුඹ නැතත් ලගම වරලසේ සුවද
මට ලගින්ම දැනුනා

කවුරුත් නෑ හමුවීලා
නුඹ වාගෙ මාගෙන් සමුගන්නා
කවුරුත් නෑ හමුවීලා
නුඹ වාගෙ",Manuranga Wijesekara ,La Signore ,Nimantha Kaluarachchi,NA,2022,කදුලකින් සිත පිහිදුවා,Accepted by crying,Acceptance,Wiping heart
Ashawari,"ආදර අඹරෝරේදී ඔබ මා මග හැර ගිය දා
කදුලැලි සයුරෝරෙහි කාලය ගිලී ගියා
මේ සඳකැල්මවත් මගේ දුක දැක්කානම් එදා
විඳවන්න තිබුනා මට ඔබ සිහිකර මෙදා
ආශාවරී ඔබේ නම පවා
මියුරුයි කියා සිතුවත් එදා
ආශාවරී ඔබ ඒ තරම් වියරුයි
කියා සිතන්නවත් මට බෑ මෙදා
නනා.. නා... නනා...
ලස්සන දවසක සවසක හමුවී ඒ විසිතුරු උයනේ
උණුසුම විඳ විඳ සුවසේ පෙරලි හිඳ මා තුරුලේ
හිනැහුණු තරමට ඔබගේ
ගත මා ලග මුත් හිත ඈතක බව නම් නෑ දැනුනේ
ආශාවරී ඔබේ නම පවා
මියුරුයි කියා සිතුවත් එදා
ආශාවරී ඔබ ඒ තරම් වියරුයි
කියා සිතන්නවත් මට බෑ මෙදා
අවරට යන හිරු සඳ වාගේමද මා දුටුවේ
වෙරළට එන රල ආපසු යන බවවත් නෑ දුටුවේ
පහසම පමණද පැතුවේ
මා අත අත්හැර අතින් අතට යනෙනා ළදුනේ
ආශාවරි ඔබේ නම පවා
මියුරුයි කියා සිතුවත් එදා
ආශාවරී ඔබ ඒ තරම් වියරුයි
කියා සිතන්නවත් මට බෑ මෙදා
ආශාවරී ඔබේ නම පවා
මියුරුයි කියා සිතුවත් එදා
ආශාවරී ඔබ ඒ තරම් වියරුයි
කියා සිතන්නවත් මට බෑ මෙදා",Kelum Srimal,Kalpana Nayanamadhu,Pasan Liyanage ,NA,2017,කදුලැලි සයුරෝරෙහි කාලය ගිලී ගියා,Lot of time was spent crying,Crying,Sea of tears
Awasan Satana,"අවසන් වරට කළ පෙම් සටන ළඟ මා පැරදුනේ
අවසන් වසර මා හා ගෙව්ව පෙම අවසන් වුනේ
සරසවි උයන තනිවූ දිනෙක මා එහි තනි වුනේ
විඳි පෙම් සුවඳ මහවැලි ඉවුර ළඟ මිහිදන් කළේ //

නුඹ හා ගෙව්ව මොහොතක සුවය හන්තානට වැඩි
ගිනිගත් හදට රාගී සුවඳ දළු දැම්මා නිති
වරහන් නොමැති ආදර ගීය නුඹ ගැයුවේ බැඳි
නුඹ කළ පෙමට මා දුන් දුකම දැන් මා විඳවමි//

අවසන් වරට...

මල්වර නැකත වැරදී උන්න ඇය හා මා බැඳි
සංවර සසර ළඟ මා නිරය මැව් බව මා දනී
පූජාසනය සේ මා දුටුව නුඹටම එරෙහි වී
තව මල් පිපෙන තුරු ළඟ උන්න කාලය වැරදුනි//

අවසන් වරට...",Manuranga Wijesekara,Sanuka Wickramasinghe,Sanuka Wickramasinghe,NA,2020,ගිනිගත් හදට රාගී සුවඳ දළු දැම්මා නිති,Sadness faded away,Sadness,Burning heart
Danena Thuru Ma,"දැනෙනා තුරු මා
ඉන්නද නුඹ ගාවින්
මියෙනා දිනයේ
කදුලක රස විදිමින්

නුඹගේ පහසේ
රහසක් වූ මාගේ
නොලියූ කවියේ
පද එකිනෙක බිදුනේ

දැනෙනා සෙනෙහේ
අයිතිය නැති මා
කවුරුන්දෝ කියලා ඇසුවා

අපගේ වරදේ
ගැඹුරක් දැනෙනා
දවසේ මොහොතක්
මං සිතුවා

නිල් පාටින් හැඩ
මේ අහස
ආදරේ දුක වින්දා ද

මා ගාවින් උන්
ඒ හීන
පාවෙලා යනවා
දුර ඈත

නැවත හමු නොවේන
සංසාර ගීයේ
හිතක
තනි මකනවා
අපගේ ප්‍රේමයට
පසුවදන ලිව්වේ
කවුදෝ අපි සොයනවා

දැනෙනා තුරු මා
ඉන්නද නුඹ ගාවින්

වෙන්වී යන බව
දැන දැනම
තාම හිත ඉල්ලන
ඔය දෑත

අහස ගුගුරා කිව්
ඒ පුවත
තේරුනා මටනම්
කල් ඇතිව

නැවත හමු නොවේන
සංසාර ගීයේ
හිතක
තනි මකනවා
අපගේ ප්‍රේමයට
පසුවදන ලිව්වේ
කවුදෝ අපි සොයනවා

දැනෙනා තුරු මා
ඉන්නද නුඹ ගාවින්",Manuranga Wijesekara,Dinesh Gamage; Kanchana Anuradhi,Dinesh Gamage; Amith Guru,NA,2020,අහස ගුගුරා කිව් ඒ පුවත,The implication of thundering,Thundering,Speaking sky
Datha dara,"දෑත දරා ඇවිදින් ආදරයෙන්
මා වෙනුවෙන් හිඳිනා අයුරු
මිදෙමි දැහැනෙන් හැඟුමන් පාමුල
සිත් වාරු බිඳෙයි ඔබ ළඟ මියුරු
සේද වලා අතුරාලා සඳ පායා
ඇති රෑ තුරුලේ ගෙවමු
මා පැතු ඒ යුග නෙත් ආදර හිත්
ආදරයෙන් හමුවීමයි හිමි වූ
මනහාරී නුරාවී නෙතු මානේ සිනාසී
තව ළං වී පෙමින් දම් ගොතමි
ගිම්හානේ තුහීන ගේනා
ඔබෙන් මා නිවෙමි සදා කල් හිඳිමි
තරු යායේ පුරා හඳ මාගේ
වලාවකින් මාගේ ආලේ ලියමි
සේද වලා අතුරාලා සඳ පායා
ඇති රෑ තුරුලේ ගෙවමු
මා පැතු ඒ යුග නෙත් ආදර හිත්
ආදරයෙන් හමුවීමයි හිමි වූ
දෑත දරා ඇවිදින් ආදරයෙන්
මා වෙනුවෙන් හිඳිනා අයුරු
මිදෙමි දැහැනෙන් හැඟුමන් පාමුල
සිත් වාරු බිඳෙයි ඔබ ළඟ මියුරු",Nisal Gamage,Ridma Weerawardane; Dhanith Sri; Methun SK; Supun Perera; Dinesh Gamage; Dinupa Kodagoda,Ridma Weerawardena,Datha Dara,2020,ගිම්ගානේ තුහීන ගෙනා ඔබෙන් මා නිවෙමී,Your love relaxes me and cools me,Relaxation from love,Change of Summer to Winter
Dawasak Ewi,"Verse 1
සෙවනැල්ලත් මඟ හැර යන
අඳුරේදීත් මා ගාවීන් රැඳි..
නුඹ හිටියද හැම සංසාරේම මේ වාගේ මගේ ලඟටම වී

Pre chorus
ඔබ හින්දා මං ගැයු පෙම් වදන්
දෝරේ ගලා ගියා දෙන්..
නුඹෙන් මං විදිමි හැගුමන් මා හද නිවාලනා

Chorus
දවසක් ඒවී අපිත් අපෙ හීනවලට යාවී
ඒ හැම මොහොතේ ලගින් නුඹ හිටියොතින් ඇති
දවසක් ඒවි අපිත් අපෙ හීන වලට යාවී
ඒ හැම මොහොතේ ලගින් නුබ හිටියොතින් ඇති

Verse 2
ජීවිතයේ තැන් තිබුනා අපිටම අපිවම නැතිවුන
ඒ ගැන මං හිතනා විට කදුලක් උනනවා මට නොදැනිම

Pre chorus
ඔබ හින්දා මං ගැයු පෙම් වදන්
දෝරේ ගලා ගියා දෙන්..
නුඹෙන් මං විදිමි හැගුමන් මා හද නිවාලනා

Chorus
දවසක් ඒවී අපිත් අපෙ හීනවලට යාවී
ඒ හැම මොහොතේ ලගින් නුඹ හිටියොතින් ඇති
දවසක් ඒවි අපිත් අපෙ හීන වලට යාවී
ඒ හැම මොහොතේ ලගින් නුබ හිටියොතින් ඇති

Drop 
සෙවනැල්ලත් මඟ හැර යන
අඳුරේදීත් මා ගාවීන් රැඳි..
නුඹ හිටියද හැම සංසාරේම මේ වාගේ මගේ ලඟටම වී

Final Chorus
දවසක් ඒවී අපිත් ....",Sanduni Karunarathna; Piyath Rajapakse; Dilan Weerasooriya,Piyath Rajapakse,Piyath Rajapakse,NA,2021,අඳුරේදීත් මා ගාවීන් රැඳි..,Staying with me during hard times,Darkness,Hard times
Desin Pe,"දෑසින් පෑ මා ඉඟිමැරු දෙව්ලියේ….
රහසින් ඇයි හැඟුමන් මතුවී හඳේ….
නෙතඟින් පෑ විසිරී උණුහුම රැඳේ….
දෑසින් පෑ මා ඉඟිමැරු දෙව්ලියේ….
යලි කිසිදා නොලියූ මේ ආදරේ….

බලා හිඳින් හඳින්….
සදා නොයන් ලඟින්….
බලා හිඳින් හඳින්….
සදා නොයන් ලඟින්….
නෙතේ වෙලී හඳේ ඇඳෙන් ළඳේ….

දෑසින් පෑ මා ඉඟිමැරු දෙව්ලියේ….
රහසින් ඇයි හැඟුමන් මතුවී හඳේ
නෙතඟින් පෑ විසිරී උණුහුම රැඳේ
දෑසින් පෑ මා ඉඟිමැරු දෙව්ලියේ….
යලි කිසිදා නොලියූ අපෙ ආදරේ….

පැතූ පැතුම් ඔබෙන්…
සදා විඳිම් සුවෙන්….
පැතූ පැතුම් ඔබෙන්…
සදා විඳිම් සුවෙන්….
අතේවෙලී ලඟින් රැඳෙන් මගේ…

දෑසින් පෑ මා ඉඟිමැරු දෙව්ලියේ….
රහසින් ඇයි හැඟුමන් මතුවී හඳේ
නෙතඟින් පෑ විසිරී උණුහුම රැඳේ
දෑසින් පෑ මා ඉඟිමැරු දෙව්ලියේ….
යලි කිසිදා නොලියූ මේ ආදරේ….",La Signore ,La Signore ,La Signore ,NA,2013,නෙතඟින් පෑ විසිරී උණුහුම රැඳේ….,Love given from the eyes,Love,Warmth
Digasiye,"දිගැසියේ
දිගැසියේ

කොපුල් තෙමා හිටි හැටි
ඈ ඇවිද ගියා
තරු පලසේ
හීන මවාලා
ඈත ගියා දැන්
මා මිය යයි හද ගැස්මේ

කොපුල් තෙමා හිටි හැටි
ඈ ඇවිද ගියා
තරු පලසේ
හීන මවාලා
ඈත ගියා දැන්
මා මිය යයි හද ගැස්මේ

මායාවන් හංගමින්
සේයාවක් වත් නොදී
ඇගේ රී මා ඈතින් වින්දෙමි

රූපයේ මන බන්දනී
ප්‍රේමයේ අනුරාගිනී
වේදනාවේ මා තනිවෙමී

දිගැසියේ
දිගැසියේ
දිගැසියේ
දිගැසියේ

රූ අදුන් ගල්වන්නියේ
මා හැගුම් රිදවන්නියේ
රූපයෙන් මා මන මත්වෙමී

රත්‍රියේ සදවන් මුවේ
නිල් නුවන් සිප ගන්නේමී
මේ සිහිනේ මං නවතිමී

දිගැසියේ
දිගැසියේ
දිගැසියේ
දිගැසියේ",Dhanith Sri,Dhanith Sri,Dhanith Sri,Alokawarsha,2020,මා මිය යයි හද ගැස්මේ,I feel strong emotions,Strong emotions,Death
Doppi Nakin,"මගේ කෙල්ල ඇගෙ කඩ්ඩ පොලිශ්
අයියෝ ඇගෙ තාත්ත පොලිස්
අම්මෝ ඇගෙ අම්ම ඇලිස්
මාරු වෙයන්කෝ.වෙයන්
ඩොප්පි නකින් ඩොප්පි නකින් ඩොප්පි නකින් ඩෝ.යමන්
ඩොප්පි නකින් ඩොප්පි නකින් got be kidding ඩෝ.වෙයන්
ඩොප්පි නකින් ඩොප්පි නකින් ඩොප්පි නකින් ඩෝ.යමන්
ඩොප්පි නකින් ඩොප්පි නකින් got be kidding ඩෝ.
ආ.සාවරී මාගේ ප්රේමි සෘංගාරේ.
ඔබ හන්දා හෘර්දෙ යන්නෙ ආයාලේ.(ඩොප්පි නකින් ඩොප්පි නකින්)
ඔබ හන්දා හෘර්දෙ යන්නෙ ආයාලේ.(ඩොප්පි නකින් ඩොප්පි නකින්)
මගේ ජීවන සයිකලේ බකල්.
එනවද යමු දාලා ඩබල්.
ඔයයි මමයි ලව්ලි කපල් වෙලා බලමුදෝ.බලමු
ඩොප්පි නකින් ඩොප්පි නකින් ඩොප්පි නකින් ඩෝ.යමන්
ඩොප්පි නකින් ඩොප්පි නකින් got be kidding ඩෝ.වෙයන්
ඩොප්පි නකින් ඩොප්පි නකින් ඩොප්පි නකින් ඩෝ.යමන්
ඩොප්පි නකින් ඩොප්පි නකින් got be kidding ඩෝ.
ආ.සාවරී මගේ ප්රේමි සෘංගාරේ.
ඔබ හන්දා හෘර්දෙ යන්නෙ ආයාලේ.(ඩොප්පි නකින් ඩොප්පි නකින්)
ඔබ හන්දා හෘර්දෙ යන්නෙ ආයාලේ.
උම්බලකඩ වට්ටක්කා කැකිරි දොඩම්...
දොඩම්.දොඩම් කැකිරි දොඩම්.කැකිරි දොඩම්
කොටකලිසම් සකල බුජන්.
වෛයිවාරන විච්චූරන අපේ නාඩගම්.
To day money come හෙට නෑ බන්.
අපි අරන් ආවේ අරන් යන්නෙ කරපු පින් දහම්
කොටකලිසම් සකල බුජන්.
වෛයිවාරන විච්චූරන අපේ නාඩගම්.
To day money come හෙට නෑ බන්.
අපි අරන් ආවේ අරන් යන්නෙ කරපු පින් දහම්
මගේ කෙල්ල ඇය දුරට ඇපල්.
අයියෝ ඇය ලඟට පැපොල්.
අයියෝ පෙම් සිහිනෙ කචල්.
මාරු වෙයන්කෝ... වෙයන්.
ඩොප්පි නකින් ඩොප්පි නකින් ඩොප්පි නකින් ඩෝ.යමන්
ඩොප්පි නකින් ඩොප්පි නකින් got be kidding ඩෝ.වෙයන්
ඩොප්පි නකින් ඩොප්පි නකින් ඩොප්පි නකින් ඩෝ.යමන්
ඩොප්පි නකින් ඩොප්පි නකින් got be kidding ඩෝ",Murshad Huvais,Funky Dirt,Shenal Maddumage,NA,2017,මගේ ජීවන සයිකලේ බකල්,My life is a mess,Messy life,Broken bicycle
E Kaale Wage,"ආයේ ඒ කාලේ වාගේ
හමුවන්න ආසයි
හැන්දෑ වෙලාවේ
මාගේ සුකුමාලී
මදුමල් කුමාරී
තරහින්ද ඉන්නේ
මාගේ කුමාරී
ආයේ ඒ කාලේ වාගේ
හමුවන්න ආසයි

ආයේ ඒ කාලේ වාගේ
හමුවන්න ආසයි
හැන්දෑ වෙලාවේ
මාගේ සුකුමාලී
මදුමල් කුමාරී
තරහින්ද ඉන්නේ
මාගේ කුමාරී
ආයේ ඒ කාලේ වාගේ
හමුවන්න ආසයි

රෝස පෙති වගේ
දෙතොල් මල් සිනාසේ
නයන නිල් මැණික සේ
දිලිසේ දවාලේ

රෝස පෙති වගේ
දෙතොල් මල් සිනාසී
නයන නිල් මැණික සේ
දිලිසේ දවාලේ

දිය ඇල්ල වාගේ
දිගු වරල ඈගේ
හමුවන්න යලි එන්න
මාගේ කුමාරී
ආයේ ඒ වාගේ
හමුවන්න ආසයි

සීත කදු ඉමේ
තුරුලු වෙමු එදා සේ
ඉසුරුමුණි යුවල වාගේ
ලියවේ කතාවේ

සීත කදු ඉමේ
තුරුලු වෙමු එදා සේ
ඉසුරුමුණි යුවල වාගේ
ලියවේ කතාවේ

ලග ඉන්න මාගේ
පෙරදාක වාගේ
අත මෙන්න අරගන්න
මාගේ කුමාරී

ආයේ ඒ කාලේ වාගේ
හමුවන්න ආසයි
හැන්දෑ වෙලාවේ
මාගේ සුකුමාලී
මදුමල් කුමාරී
තරහින්ද ඉන්නේ
මාගේ කුමාරී
ආයේ ඒ කාලේ වාගේ
හමුවන්න ආසයි",Nandana Wickramage ,Nadeemal Perera,Suresh Maliyadda,NA,2021,මාගේ කුමාරී,My girl,Girl,Princess
Galana Ganga,"නීල දෑස හා දොඩවන්නම්
වළලු හඬට මම මත් වෙන්නම්
නීල වරල මා සිඹ ගන්නම්
හීන මවා මට කතා කරන්
ගලන ගඟක රළ වාගේ
නිමාවක් නෑ නේ
ඔබෙ රූ වරුනේ
ක්ෂිතිජයක ඉමක් ගානේ
නිමාවක් නෑ නේ
ඔබෙ රූ වරුනේ
ලෞකික සැප
කාලය කාදැමීමක් නිබ්බාණෙට පිවිසෙන්න
පංචස්කන්ධයක අස්ථිර ගතිය මෙනෙහි මෙනෙහි
මං තපසෙක්ම විය නුඹ දකින්න පෙර
ඔයාගෙ ළපටි තඹර දෙකොපුල
තුහින වැටි දිළිසෙයි ඝණ අඳුර මත
ඇසට නොපෙනෙන පර්වතෙක සුන්දර බව විඳපු මට
ඔයාගෙ රුව දැක බිඳුනා මගෙ සමවැදි
සිටි දැහැන මෙතුකලක් කැළඹිලා
සම්මාදිට්ඨිය මගෙ අද නතරවෙලා
ඔයාගෙ නෙතුමුල; මගෙ හේතුඵල
ගොළුවෙලා අන්ධව අතර මග කිමද
ඝන්ධකුටියෙන් හිමිට බැස සීලය පසෙක දමා
විදනසින් වැද රූපයක සොබා
එතෙර වෙන්න මං ගිය සසර මග පෙරට
ඔයා ඇවිත් අද තෘෂ්ණාවක් වෙලා
නීල දෑස හා දොඩවන්නම්
වළලු හඬට මම මත් වෙන්නම්
නීල වරල මා සිඹ ගන්නම්
හීන මවා මට කතා කරන්
ගලන ගඟක රළ වාගේ
නිමාවක් නෑ නේ
ඔබෙ රූ වරුනේ
ක්ෂිතිජයක ඉමක් ගානේ
නිමාවක් නෑ නේ
ඔබෙ රූ වරුනේ",Charitha Attalage;Ravi jay,Ravi jay; Charitha Attalage,Charitha Attalage,Dura Akahe Master Collection by Charitha Attalage,2022,වළලු හඬට මම මත් වෙන්නම්,Be obsessed with the dancing,Being drunk,Liking
Gindara,"හීන ආකර
හදට කැන්දා
මගේ හදවත රැගෙන ගිය ඒ
ඇගේ හැඩයම
තියෙන රූබරියේ

මගේ මුවගට
වැටෙන බිදුවේ
හිතේ දුක් ගිනි දියව දියවේ
දුවන රුධිරේ
මධුවිතට පෙරලේ

ආදරේ ගීතයක්ව පාවී ආවේ
රස මාරුතේක මා ගිලුනේ
හැරදා ගියත් මා මේ තුන් ලෝකේ
නුඹේ රහට මත්වී යමි නිවාඩුවට හඳේ

දැවෙන ගින්දර
පපුව ඇතුලේ
නිවාගන්නට නුඹ රැඳෙන්නේ
මගේ අත
උඩ නුඹ රැගුම දෙන්නේ

දුන්න තාලෙට අඩිය තැබුවේ
මගේ වන්නමේ නමක් නැත්තේ
හිතේ දුක නෑ මට ඉතිරි වෙන්නේ

ආදරේ ගීතයක්ව පාවී ආවේ
රස මාරුතේක මා ගිලුනේ
හැරදා ගියත් මා මේ තුන් ලෝකේ
නුඹේ රහට මත්වී යමි නිවාඩුවට හඳේ",Dhanith Sri,Dhanith Sri; Randhir Witana,Dhanith Sri,NA,2020,"ආදරේ ගීතයක්ව පාවී ආවේ
හිතේ දුක් ගිනි දියව දියවේ","Received love
Sadness went away","Love
Sadness","Song
Fire"
Habibi,"ලග ලගම යාවෙලා හිනාවේ
නෙතු වෙත මං නතු වේ
මා සතුද හිතුනේ

හදවතම කිතිකැවී ගියාවේ
හදගාව තනිවේ

මගේ හැගුම් දෝරේ විසිරිලා
මට යන්න බෑ නේ ඔබ දමා
තරු රගයි ඇවිත් ඔබ වටා
හිත අයදී අනුරාගේ
මා මත්කල මදහාසේ

හබිබී නුඹ දැක්ක වේලේ
හබිබී හිත ගත්ත වේගේ
නොබිමක් වෙච්ච ආලේ
හබිබී ගෙන ආපු තාලේ

හබිබී නුඹ දැක්ක වේලේ
හබිබී හිත ගත්ත වේගේ
නොබිමක් වෙච්ච ආලේ
හබිබී ගෙන ආපු තාලේ

මෙල්ල කරයි කරකලා
මෙල්ල කරයි කරකලා
තද සෙල්ලම් පා නටමු නලෝලා
තද සෙල්ලම් පා නටමු නලෝලා

මේ රසතරේ ඔබේ
දෙතොල් රාග මතින් මත් වෙලානේ
මටත් රහසක් කීවා
හෙටත් එන්නයි කීවා
වෙන්නේ කොහොමා
මතක් වීලා ඈටා

හබිබී කුසුම
විහිද සුසුම
හැගෙවී කුමට
කරමි සසල
ඔය දෑස යාවී
මේ ගංගාවේ රෑම නාවී

ඔය වියබු කරල් දිගැති
සුදු මුහුන දැක්කම හබිබී
මා වරදනු මන නොනැගි
නුඹ එක්කමයි යන්නේ මා

මගේ හැගුම් දෝරේ විසිරිලා
මට යන්න බෑ නේ ඔබ දමා
තරු රගයි ඇවිත් ඔබ වටා
හිත අයදී අනුරාගේ
මා මත්කල මදහාසේ

හබිබී නුඹ දැක්ක වේලේ
හබිබී හිත ගත්ත වේගේ
නොබිමක් වෙච්ච ආලේ
හබිබී ගෙන ආපු තාලේ

හබිබී නුඹ දැක්ක වේලේ
හබිබී හිත ගත්ත වේගේ
නොබිමක් වෙච්ච ආලේ
හබිබී ගෙන ආපු තාලේ

මෙල්ල කරයි කරකලා
මෙල්ල කරයි කරකලා
තද සෙල්ලම් පා නටමු නලෝලා
තද සෙල්ලම් පා නටමු නලෝලා

මෙල්ල කරයි කරකලා
මෙල්ල කරයි කරකලා
තද සෙල්ලම් පා නටමු නලෝලා
තද සෙල්ලම් පා නටමු නලෝලා

හබිබී නුඹ දැක්ක වේලේ
හබිබී හිත ගත්ත වේගේ
නොබිමක් වෙච්ච ආලේ
හබිබී ගෙන ආපු තාලේ

හබිබී නුඹ දැක්ක වේලේ
හබිබී හිත ගත්ත වේගේ
නොබිමක් වෙච්ච ආලේ
හබිබී ගෙන ආපු තාලේ

හබිබී නුඹ දැක්ක වේලේ
හබිබී හිත ගත්ත වේගේ
නොබිමක් වෙච්ච ආලේ
හබිබී ගෙන ආපු තාලේ",Lasitha Jayaneththi Arachchige,BnS,RAAW productions,NA,2022,හදවතම කිතිකැවී ගියාවේ,Feeling love,Love,Tickling heart
Hadisida Manda,"සුන් විච්ච හද ගැස්ම පාරා
නැගේ හද ගිනි ජාලා
අහිමි නුඹ සිහි කලා මා
අනිසියී දැන් පෙම් ආශා

කන්නගී නම් මා
වියෝ දුකින් හද පරදා
ඇවිලී ශාපයෙන් ගම් නැසුනා
අනේ මං හදිසිද මන්දා

හිස් වෙච්ච මනු ලෝක දුටු දා
දැනේ නැතිවීම සපුරා
තනිවී සිතමී මා පෙරලා
කොහෙදෝ මහදේ අනුකම්පා

කන්නගී නම් මා
වියෝ දුකින් හද පරදා
ඇවිලී ශාපයෙන් ගම් නැසුනා
අනේ මං හදිසිද මන්දා",Dhanith Sri,Kanchana Anuradhi,Kanchana Anuradhi,NA,2021,ඇවිලී ශාපයෙන් ගම් නැසුනා,Ended a relationship,Breaking up,Burning a village
Hawasaka Ma,"හවසක මා නුඹ දැක මං මුලාවී..
නිරුදක කතරේ තනිවූදා..
තනි තරුවක් නිවැරදි පාර කීවා..
කතරින් එන මඟ මට කීවා..හවසක මා….

සකුරා පිපිලා පිරුවට සදලා
ආ මඟ සැරසුවා…
විද සුන් වඩනා සිතකුත් නැතුවා..
මා නුඹ හට දුන් ඒ සෙනෙහේ වෙලුනා..

හවසක මා නුඹ දැක මං මුලාවී..
නිරුදක කතරේ තනිවූදා..
තනි තරුවක් නිවැරදි පාර කීවා..
කතරින් එන මඟ මට කීවා..හවසක මා….

අවරට නොයෙනා හිරුදැක හඬනා
හිරු රැස් සැඟවූවා..
ඉන්නද කියල කදුළුත් ඇහුවා..
ඉන්නට මා මගෙ මුළු හදවත දුන්නා..

හවසක මා නුඹ දැක මං මුලාවී..
නිරුදක කතරේ තනිවූදා..
තනි තරුවක් නිවැරදි පාර කීවා..
කතරින් එන මඟ මට කීවා..හවසක මා….

හවසක මා නුඹ දැක මං මුලාවී..
නිරුදක කතරේ තනිවූදා..
තනි තරුවක් නිවැරදි පාර කීවා..
කතරින් එන මඟ මට කීවා..හවසක මා….",La Signore ,La Signore; Abhisheka,La Signore,NA,2014,ඉන්නද කියල කදුළුත් ඇහුවා..,Shall I keep crying,Tear asking to stay,Continue to cry
Hedenne ne,"පීඩිත පංතිය පීඩිත උන දෙන්
දනපති පංතිය දනවත් උන දෙන්
මද්‍යම පංතිය අමතක උන දෙන්
ඉපදුන දා ඉද කඩේම ගිය දෙන්

හොදයි හොද වැඩේ
රට කන එකාගෙ බඩ ලොකුයි
රට කාල 225ම පැනලා රට යයි

හොදයි මරු වැඩේ
බිම් අගලක් ඉතිරි නොකර යයි
උඹ පාට පක්ශ පිල් බදාගෙනම වැලලෙයි

හැදෙන්නෙ නෑ උඹලා
කොහොමත් හදන්න බෑ උඹලා
හැදෙන්නෙ නෑ උඹලා
කොහොමත් හදන්න බෑ උඹලා
හැදෙන්නෙ නෑ උඹලා
කොහොමත් හදන්න බෑ උඹලා

මේක කියන්නෙ
අපේ උගත් දේශපාලඥයන්ට නෙවෙයි
ඉපදුන දවසේ ඉදන්ම
අතිගරු දේශපාලඥයන්ට කඩේ යන
අපේම ශ්‍රී ලාංකිකයන්ට

මට ඕනේ සිංදු කියන්න
සිංදු තියලා නුඹලාව සන්තෝසෙන් තියන්න
ආසයි දවසක ලංකාවේ නම
ලෝකෙට ඇහෙන්න
කෑගහලා කියන්න
ලංකාව මට දුන්නු දේවල් ගොඩයි
ඒ හින්දා රට දාල නොයන්න හේතු ගොඩයි
රජයේ පාසලට දැම්මේ මගෙ ලමයි
සිංහල උගෙන රටට වැඩක් කරන්නමයි
නැතුව
දාන්න සල්ලි නැතුව නෙවෙයි
උඹලා කියන්නෙ උන්ට රටත් දාල යන්නද
ඇමෙරිකාව ඩොලර් වලින්
ජීවත් කරවන්න ද
උන්ටත් කඩේ යන්න පුරුදු කරවන්න ද

කැඩේ යමං
අට පාස් නැති සර් පස්සේ යමං
කොමිස් අරන්
අහින්සක උන්ගේ බඩ පාගපං
ඉන්දියන් සාගරේ
මුතු ඇටය යට වෙද්දී
උබලත් උන් එක්ක
තව රටක් කන්න හොයන් යමං

හැදෙන්නෙ නෑ උඹලා
කොහොමත් හදන්න බෑ උඹලා
හැදෙන්නෙ නෑ උඹලා
කොහොමත් හදන්න බෑ උඹලා
හැදෙන්නෙ නෑ උඹලා
කොහොමත් හදන්න බෑ උඹලා

අවුරුදු 70ක් අපි ඉන්නෙ
වහල් කමේ
තම රට ගොඩනගන උන් හොරකමේ
හොරකමට පොරකන උන්ව
පොරවල් කරන්නෙත් උඹමයි
තෝරගෙන කොරවෙලා දැන් මොරාට මේ රට
මේ රට බේරගන්න බැරි නෑ නගේ මලේ
අම්මට තාත්තට අන්තිමට වැන්ද දවස ඊයෙද
කාපු ටොපි කොලේ පාරේ නොදා
ගෙදර ගෙනාවද
දැන් පාන් රාත්තලලේ ගාන කීයද
ලැජ්ජ වෙයන් උඹේ හොදම යාලුවා එක්ක
මරා ගත්තට
දේශ පාලුවෝ උගේ වැඩේ හරියට කලා
මිනිස්සු භේද කලා
අපිව මුලා කලා
උඹ තාමත් උන්ට කඩේ යන හින්දා කොහෙද
ඉදිරි පරපුරට ලංකාවක්
සල්ලි ගැහුවා වලින් හදපු මංමාවත්
දුවලා දුවලා හති වැටිලා දුවලා
උන් එක්ක අරන් දුවපං සෙංකෝලත්

පාට පාට මත හිසේ දරාගෙන
එකට හිටපු උන් තරහ වෙලා
කොහෙවත් යන මත රකින්න හදනවා
හෙට දවසක් නොපෙනෙන්නෙ සදා
පාරක් ගානේ හුරේ කියාගෙන
දහඩිය හෙලුවා දවස පුරා
ලැබෙන දෙයක් නැත
ලැබුන දෙයක් නැත
අවසානේ උඹ මුලා වෙලා

හැදෙන්නෙ නෑ උඹලා
කොහොමත් හදන්න බෑ උඹලා
හැදෙන්නෙ නෑ උඹලා
කොහොමත් හදන්න බෑ උඹලා
හැදෙන්නෙ නෑ උඹලා
කොහොමත් හදන්න බෑ උඹලා

හොදයි හොද වැඩේ
රට කන එකාගෙ බඩ ලොකුයි
රට කාල 225ම පැනලා රට යයි

හොදයි මරු වැඩේ
බිම් අගලක් ඉතිරි නොකර යයි
උඹ පාට පක්ශ පිල් බදාගෙනම වැලලෙයි",Manuranga Wijesekara,La Signore,La Signore,NA,2019,අහින්සක උන්ගේ බඩ පාගපං,Letting the innocent be hungry,Hunger,Trampling stomach
Hulan Banis,"න්න නගෝ
මගෙ පන ගන්න බබෝ
කරටම නුබව අරන්
රබන් පලන්
කැන්දං යං ඇදන් සරං

හොද… ට කන්නයි තියන්..

හුලං බනිස් වගේ දනිස්
ඉබේ වැනෙනවා
බැදං කොකිස් යමං වැනිස්
පපුව කියනවා
හුලං බනිස් වගේ දනිස්
ඉබේ වැනෙනවා
බැදං කොකිස් යමං වැනිස්
පපුව කියනවා

බිදෙන්නේ
වීදුරු බිදෙන්නේ
මේ හිතේ ස්නේහෙ දැනීලා
වදින්නේ
සීනුව වදින්නේ
ආදරේ තරම දැනීලා

හුලං බනිස් වගේ දනිස්
ඉබේ වැනෙනවා
බැදං කොකිස් යමං වැනිස්
පපුව කියනවා

එන්න නගෝ
මගෙ පන ගන්න බබෝ
කරටම නුබව අරන්
රබන් පලන්
කැන්දං යං ඇදන් සරං

එන්න නගෝ
මගෙ පන ගන්න බබෝ
කරටම නුබව අරන්
රබන් පලන්
කැන්දං යං ඇදන් සරං

සීමා බැන්දේ කව්දෝ අපෙ ලෝකේ
සංසුං වූයේ හින්දා උබෙ ආලේ
තවත් නං
ගොඩක් නෑ
කාලෙනං
ඉතුරු නෑ
උබෙන් මං
මිදෙන්නෑ
හිතෙන් යන්න බෑ

හුලං බනිස් වගේ දනිස්
ඉබේ වැනෙනවා
බැදං කොකිස් යමං වැනිස්
පපුව කියනවා
හුලං බනිස් වගේ දනිස්
ඉබේ වැනෙනවා
බැදං කොකිස් යමං වැනිස්
පපුව කියනවා

Girl
you are the full package
all these other girls average
It’s kinda let’s you savage
so sick and love you the

Me and you together
ain’t nothing better
I used to be under the weather
Now I’m over the moon or whatever

I’ll never take you for granted
I promise
I messed here around
and let’s be honest
All that I need in this life is to sin
All that I need in this life is to sin

together we conquer and overcome anything
Just me and my girlfriend
I don’t care about what your friend says
It’s you and I till the world’s end

එන්න නගෝ
මගෙ පන ගන්න බබෝ
කරටම නුබව අරන්
රබන් පලන්
කැන්දං යං ඇදන් සරං

එන්න නගෝ
මගෙ පන ගන්න බබෝ
කරටම නුබව අරන්
රබන් පලන්
කැන්දං යං ඇදන් සරං

හුලං බනිස් වගේ දනිස්
ඉබේ වැනෙනවා
බැදං කොකිස් යමං වැනිස්
පපුව කියනවා
හුලං බනිස් වගේ දනිස්
ඉබේ වැනෙනවා
බැදං කොකිස් යමං වැනිස්
පපුව කියනවා

බිදෙන්නේ
වීදුරු බිදෙන්නේ
මේ හිතේ ස්නේහෙ දැනීලා
වදින්නේ
සීනුව වදින්නේ
ආදරේ තරම දැනීලා

හුලං බනිස් වගේ දනිස්
ඉබේ වැනෙනවා
බැදං කොකිස් යමං වැනිස්
පපුව කියනවා

හුලං බනිස් වගේ දනිස්
ඉබේ වැනෙනවා
බැදං කොකිස් යමං වැනිස්
පපුව කියනවා",Manuranga Wijesekara,La Signore,La Signore,NA,2021,වීදුරු බිදෙන්නේ මේ හිතේ ස්නේහෙ දැනීලා,Heart break,Heart break,Glass cracking
Kaali,"ප්‍රාණ සම පෙම ද්‍රෝහි වූ දා ආත්මය විය කඨෝර
සිහින් කෙඳිරිලි කෝල හසරැලි දවයි මා හද කුටීර
ඇනුම් හී වර්ෂා මැදින් ළය දෙපළු කෙරුවා කෙඨේර
වෛරයත් පිරුණාම වැඩියෙන් ගලන්යනවා පිටාර

ඵල තියෙන ගස් වටිනවාමයි සැකක් නෑ එය ඇත්තයි
වඳබැහැපු මං කොහොඹ ගානයි කදුරු වාගේ තිත්තයි
බුදු පුදට වුව වරම් ලද්දේ මලින් සැරසුනු ඉත්තයි
මගේ හිමි ට මං පණ ඇරලා පෙම් කළා සමිදුනි සත්තයි

සත් කඩක් සේ පැළුනු හෘදය කොහොම හරි මම මහන්නම්
කෝන්තර වල කැළැල් නුඹ ගේ දෙපා මුලදිම වහන්නම්
සසර දුරවූවාට කම් නෑ යශෝදරා මුණ ගැහෙන්නම්
ඈව තනිකර සමිඳු ගිය දුක දරාගත් හැටි අහන්නම්",Ruhunuketha Dhammadewa Thero,Kanchana Anuradhi ,Tharindu Damsara,NA,2020,ඵල තියෙන ගස් වටිනවාමයි,Good people are valuable,Good people,Fruitful trees
Kawiya,"බොහෝ පෙම් කවි ලියු පසුවද සියුම් කැපුමක් මෙන් රැදි....
නොලි කවියක් තිබිය නොහැකිද හදේ යමි රිදුමක් දිදි....

තියුනු රුදු සැත් ලෙසින් සැමරුම් සෙමෙන් පාරන මුත් ඇනි
සිදිනු  හැකිවෙද කෙලෙස කිකලෙක එවන් හද පාරන බැමි…..

ඉතින් එබැවින් නවතිමි….
හදින් පිටමන් නොකරමි…..

නිතින් ගිනිගත් හදින් දැවෙමින් දරා ඉමිහිරි වේදනාවන්...
පෙමින් සගවා තබා ගන්නේමි නොලි ඒ ගීතිකාවන්....

සදකාලික තැවුල් පොදියක රැදි හද පෙලුවත් නිති...
ලියා අවසන් කවක් කෙලවර මැකි වියැකි යා නොදි....

ඉතින් එබැවින් නවතිමි….
හදින් පිටමන් නොකරමි…..",Saumya Sandaruwan Liyanage,Vidula Ravishara,Vidula Ravishara,NA,2019,නිතින් ගිනිගත් හදින් දැවෙමින් දරා ඉමිහිරි වේදනාවන්,Bearing pain of a broken heart,Heartbroken,Burning heart
Kohe Yannada Ma,"ඇස් පියන් දිගේ ආ ආදරේ
මගෙ දෙතොල් පුරා තෙමා ගියේ
රස හැඟුම් පිරී එන යෞවනේ
ඔබ ලඟයි නැවතුනේ
හංගලා කොහේ තියම්ද බැහැ අනේ
මා හැඟුම් කඩා හැලේ
කොහේ යන්නද මා ඔය දෑසින් දැන් මිදිලා
කෙසේ යන්නද මා ඔය දෑසින් වෙන්වීලා
ගතට විඳිනා සිහිනේ නෑ සීමා
නුරා ගින්නේ යයි අළු වීලා
කොහේ යන්නද මා ඔය දෑසින් දැන් මිදිලා
කෙසේ යන්නද මා ඔය දෑසින් වෙන්වීලා
ලය පුරා දුවයි ආලිංගනේ
මගෙ පැතුම් ඔහේ වශී උනේ
කන්පෙති දිගේ රස මන්තරේ
හිත උමතු කලා වාගේ
හංගලා කොහේ තියම්ද බැහැ අනේ
මා හැඟුම් කඩා හැලේ
කොහේ යන්නද මා ඔය දෑසින් දැන් මිදිලා
කෙසේ යන්නද මා ඔය දෑසින් වෙන්වීලා
ගතට විඳිනා සිහිනේ නෑ සීමා
නුරා ගින්නේ යයි අළු වීලා
කොහේ යන්නද මා
කෙසේ යන්නද මා ඔය දෑසින් වෙන්වීලා
ගතට විඳිනා සිහිනේ නෑ සීමා
නුරා ගින්නේ යයි අළු වීලා",Sampath Fernandupille,Bachi Susan,Chathurangana De Silva,NA,2018,කන්පෙති දිගේ රස මන්තරේ,Speaking to the year,Sensual talk,Tasty
Kollane Yan,"ජය ටැබ කරා
අබිමන් දරා
එක හදවතින්
පියමන් තියා
අපි ඉදිරියටම යමු දැන්

කොල්ලනේ
ප්ලාස්ටික් බෝතල් විසි කරන්නෙපා

පැරදුම ඇතී
දිනුමක් නැතී
රෙදි නැති අතීතයට තිත තියා

අපි ඉදිරියටම යමු දැන්
කොල්ලනේ

ප්ලාස්ටික් ස්ටෝස් බිම දාන්නෙපා

පන්දු යවන්න පොලු ගැලවෙන්න
හෙට සිට යං ජය අරගන්න
පවතින්නැති ජය පැරදුම එකයි
කීවට

ඉඩක් නෑ දැන් නම් පරදින්න
මේ යං
ඉදිරියටම යං
ඒකාලේ වගේ ආයේ නම්බර් 1
වෙනකල් ඉගිලෙන්න

තටු නැතුවට අපේ කොල්ලොන්ට
බෝලෙයි බැට් එකයි ඇති මේ ලෝකේ ජයගන්න

හරි දනිත් ඇති
ප්ලාස්ටික් ගැන කතා කරමු අපි
යන යන තැන ප්ලාස්ටික් විසි කරන
ජරා ගති
කුනු බාල්දිය පෙනි පෙනි බිම දාන සක්කිලි

අම්මා ගහයි බැට් එකෙන්
මෙහෙම ගියොත් තොපි
කොල ඉදුල් ප්ලාස්ටික් එකට මික්ස් කරන කොට
ඒවා එකතු වෙන්නේ මේ මහ පොලවට

වතුරට ඇල දොල ගං මුහුදට
මෙහෙම ගියොත් ප්ලාස්ටික්මයි කන්න වෙන්නේ තොට

ජය ටැබ කරා
අබිමන් දරා
එක හදවතින්
පියමන් තියා
අපි ඉදිරියටම යමු දැන්

යෝගට් කාල හැදි කප් වෙරලට දාන්නෙපා

පැරදුම ඇතී
දිනුමක් නැතී
රෙදි නැති අතීතයට තිත තියා

අපි ඉදිරියටම යමු දැන්
කොල්ලනේ

කොන්ඩම්ස් හොදයි හැබැයි ඒවා
විසිකරන්න එපා

මුලු ලෝකෙත් එක්ක කරට කර
සිංහයෝ රග දෙනවා පිටිය මැද
2022 අද ජය කනුව ලග
සිංහ කොඩිය ගහනවා අනිවාර්‍යෙන්ම
මොකද
ශ්‍රී ලංකන් කොල්ලෝ හරිම වසයි
යකඩ බෝල 2 3 4 පලයි
එක පිට එක බැට කෑවත් ඊයේ ලමයි
අඩියෙන් අඩිය තියලා හරි නැගිටිනවා මයි

ආයුබෝවන් සියලුම
ක්‍රිකට් ෆෑන්ස් ලට
අපි ආදරෙයි ජෙන්ඩ්ල්මන්ස් ක්‍රීඩාව
අතීතයේ ප්‍රොඋඩ මතක් වෙනවා නේ තාමත්
ආයේත් තියමු එක අකුරක් නෑරම

ටීම් එක ඇති
ජර්සිය ගැන කතා කරමු අපි
රීසයිකල්ඩ් ප්ලාස්ටික් වලින් මහලා පට්ට ගති
බෝතල් 30000ක් පොලිඑස්ටර් කලා පටි

එහෙම තමයි ගැහුවේ ගේම
හිතට ගොඩක් හතී
වෙනස් වෙන්න ඕන කියලා
වෙනස වෙමූ අපි

මදර් නේචර්ට මල පැන්නොත්
කන්න වෙන්නේ ටොපි
ප්ලාස්ටික් ඇති
ටීම් එකට සප් එක දෙමු අපි
මෙන්න දුන්නා බැට් එක ගහපහං
දනිත් සිරි

ශ්‍රී නොට් සිරි
අම්මටසිරි සොරි

කොල්ලනේ යං
ඒකාලේ වගේ අයෙමත් නම්බර් 1 වෙනකන්
ප්ලාස්ටික් පාවිච්චි කරන්නේපා
වර්ල්ඩ් කප් එක දිනන්න
හැබයි ප්ලාස්ටික් පාවිච්චි කරන්නෙපා

ජය ටැබ කරා
අබිමන් දරා
එක හදවතින්
පියමන් තියා
අපි ඉදිරියටම යමු දැන්
කොල්ලනේ

පැරදුම ඇතී
දිනුමක් නැතී
රෙදි නැති අතීතයට තිත තියා

අපි ඉදිරියටම යමු දැන්
කොල්ලනේ",Dhanith Sri;Gehan Blok;Dino Corera,Dhanith Sri; Gehan Blok; Dino Corera,Dhanith Sri,NA,2021,රෙදි නැති අතීතයට තිත තියා,Put an end to the embarassing past,Embarassment,Lack of clothing
Kuweni,"කුවේණියේ මා…
කුවේණියේ මම
තම්මැන්නා එනවා
රූබරියේ මා…
රූබරියේ මම
ආලේ සොයා එනවා…

සලුව අරන් ගෙට
පලයං කුමරිය
නැවක නැගී මරු
එනවා කුමරිය

කුවේණියේ මා…
කුවේණියේ මම
තම්මැන්නා එනවා
රූබරියේ මා…
රූබරියේ මම
ආලේ සොයා එනවා…

ව්යූ සලුව නොම…
හැරයන් කුවේණියේ…
ලාට රටින් දොස් පැවරෙයි කුවේණියේ…
කිලිටි දෙපා මඩ
තවරයි කුවේණියේ
වැස්ස වැටී තෙත තැවරෙයි කුවේණියේ…

නිරිඳුන් නුබේ…
ආලේ නිසා
බොහො විපතක් වෙනා
නොවඩින් සදා…
මතු භවයේ මා
හමුවන තුරා…
ආලේ පසෙක ලා…
හිදිමී මෙමා…

සලුව අරන් ගෙට
පලයං කුමරිය
නැවක නැගී මරු
එනවා කුමරිය

කුවේණියේ මා…
කුවේණියේ මම
තම්මැන්නා එනවා
ඕ…
රූබරියේ මා…
රූබරියේ මම
ආලේ සොයා එනවා…

නිරිඳුන් නුබේ…
ආලේ නිසා
බොහො විපතක් වෙනා
නොවඩින් සදා…
මතු භවයේ මා
හමුවන තුරා…
ආලේ පසෙක ලා…
හිදිමී මෙමා…",Chandrasena Thalangama,Ridma Weerawardena; Dinupa Kodagoda,Charitha Attalage,NA,2018,ආලේ පසෙක ලා…,Forgetting the love,Getting over,Keeping aside
Lakmawuni,"[Ridma]
විකසිත වී නිති
එකමුතු වී
සවිබල පා සැම
එඩිතර වී

[Ranga]
රුහිරය දී දිනු
ලක් මව්නී
ගරුකල සේ නුඹ
සෙවනෙ හිදී
දරුකැල සේ නුඹ
සෙවනේ හිදී

[Dhanith]
පියමනිනා
රළු මාවත දිගේ
ජය ටැබ වේ
දද බදීනා දිනේ

[Supun Perera]
නිම නොවෙනා
හද මඩලේ සෙනේ
නිති සැදුනේ
එක මව්නේ

[Kanchana]
බිද දමලා රළු
පවුරු බැදී
මිතුදම වේ අප
අතරෙ සැදී

[Supun Perera]
මනු දෙරණේ
නොම නොගැටි අපී
ලොව දිනමූ සිහ
ජය ගොස දී

[Ridma & Kanchana]
ලොව දිනමූ සිහ
ජය ගොස දී

[Ranga]
පියමනිනා
රළු මාවත දිගේ
ජය ටැබ වේ
දද බදීනා දිනේ

[Dhanith]
නිම නොවෙනා
හද මඩලේ සෙනේ
නිති සැදුනේ
එක මව්නේ

[Fawaz]
රතු රුහිරේ ලයෙ
සැරුවේ අපේ
කුමකට දෝ පිල්
බෙදිලා මෙසේ

[Heshan]
ලග දකිනා නෙතු පිසදාලා

[Prageeth]
අපි සැවොමා එක රැහැනේ වෙලී

[Ranura]
අපි සැවොමා එක රැහැනේ වෙලී

[All Togethe]
පිය මනිනා
ජය මාවත දිගේ
අපි සැවොමා
එක් වී",Savindra Madushan;Indumini Siriwardana;Kishawn,Mihindu Ariyaratne; Ridma Weerawardena; Danith Sri; Supun Perera; Ranga Weerasekera; Kanchana Anuradhi; Ranura Perera; Fawaz; Prageeth; Heshan; Jo; Kishawn; Indumini,Ranga Weerasekara,NA,2019,අපි සැවොමා එක රැහැනේ වෙලී,We are all united,Unity,A single wire
Lanvee,"ආයේ මුමුණන්න
මට ආදරෙයි කියා
වෙන්වී බැහැ ඉන්න
එක මොහොතක් නැතුව ඔයා

ඔබ වාගේ කවුරුත් නෑ
මට මේ වාගේ ආදරේ වෙලා

ලංවී ලංවී මුමුණන්නම්
මට ආදරෙයි කියා
වෙන්වී වෙන්වී බැහැ ඉන්න
මගෙ ආදරී ඔයා

ආදරේ ආදරේ
මේකද ආදරේ
ආදරේ ආදරේ
මේකද ආදරේ

දෙකොපුල් දිගේ මුහුන හැරෙනා
හැම සුසුමක් පාසා
මට ආදරේ දැනෙනවා

ඔය උනුහුම හැම මොහොතෙම
හදවත දවනවා
ලංවී ලංවී මං ආදරේ විදිනවා
ලංවී ලංවී මං ආදරේ විදිනවා

සද රැස් විලේ මාහා පිහිනා
රස හැගුමන් දෝවා
පෙම් සීමා විදිනවා

ඔය තුරුලෙම මං
හාදුමල් නෙලනවා
ලංවී ලංවී මං ආදරේ විදිනවා
ලංවී ලංවී මං ආදරේ විදිනවා

ආයේ මුමුණන්න
මට ආදරෙයි කියා
වෙන්වී බැහැ ඉන්න
එක මොහොතක් නැතුව ඔයා

ඔබ වාගේ කවුරුත් නෑ
මට මේ වාගේ ආදරේ වෙලා

ලංවී ලංවී මුමුණන්නම්
මට ආදරෙයි කියා
වෙන්වී වෙන්වී බැහැ ඉන්න
මගෙ ආදරී ඔයා

ලංවී ලංවී මුමුණන්නම්
මට ආදරෙයි කියා
වෙන්වී වෙන්වී බැහැ ඉන්න
මගෙ ආදරී ඔයා",Sampath Fernandopulle,Nadeemal Perera; Dilki Uresha ,Ravi Royster,NA,2022,හදවත දවනවා,Staying alive,Life,Flame
Loka Sithiyama,"ලොක සිතියම තට්ට තනියම පීරුවා මම ඇත්ත හොය හොය
ලෝකේ කෙලවර දන්නේ නැතුවම පෙරලුනා ලෝකාන්තකට

වර්ගයා නසාගෙන;
ස්වර්ගයා හොයා යන
මුර්ගයන් ඉන්න ලොකෙක;
සොයනවා අපි වසන්තය

වේදනා දැකලා ;හේතුවක් සොයලා;
වේදනා නැති ලෝකෙක මං සොයා යනවා

වේදනා දැකලා ;හේතුවක් සොයලා;
වේදනා නැති ලෝකෙක මං සොයා යනවා

මල් නෙලාගෙන තුට්ටු දෙක තුන සොයනවා රෑ කෑම වේලට;
පහු කරන් යන වන්දනා නඩ සොයනවා සුව ආද්‍යාත්මික

ප්‍රාන්තේඇති වේදනාවට
අනන්තේ දුර යන්නේ මොකටද
වසන්තේ අග මල් පිපෙනකන් නිරන්තරයේ දුක් විඳින්නද?

වේදනා දැකලා ;හේතුවක් සොයලා;
වේදනා නැති ලෝකෙක මං සොයා යනවා
වේදනා දැකලා ;හේතුවක් සොයලා;
වේදනා නැති ලෝකෙක මං සොයා යනවා
වේදනා දැකලා ;හේතුවක් සොයලා;
වේදනා නැති ලෝකෙක මං සොයා යනවා
වේදනා දැකලා ;හේතුවක් සොයලා;
වේදනා නැති ලෝකෙක මං සොයා යනවා

කරගහන් එන හේතු ඓල ටික;
ගෙවනවා තව එකතු කරගෙන.",Methun SK,Methun SK; Dhanith Sri; Naadha Gama; Senanga Dissanayake,Senanga Dissanayake,Loka Sithiyama,2022,සොයනවා අපි වසන්තය,We are looking for a good life,Good life,Spring
Lu,"නුඹ නොමැති දිහාවක තල කොහිද සඳළු
කටු මතින් ඇවිද යමි මතක වන වදුළු
උහුලන්න බැරි තරම් සිහිනයන් සිඳළු
ලස්සනම තැන් වලයි තියෙන්නෙම කඳුළු

රැයක මැදියම අරන් ගලවමි දෑස්වල ඇබේ 
එතැන් සිට ගලන්නේ මොනවාද ඉබේ 
ඉතින් නුඹ තබාගිය සිනාවන් තැනින් තැන තිබේ 
අතීතය සිහිකරන් හොදටෝම මං රිද්දගනු ලැබේ

කාගේ කාගේත් දෑස් කෙලවර ශේෂ කඳුලක් තියනයවා 
බැරිම තැන් වල එහෙම ඒවා ගලාගෙන බිම හැලෙනවා 
හිමිනොවූවත් සමහරක් අය අහිමි වෙන තැන බැඳෙනවා 
සදාකාලික ප්‍රේමයක් නම් කවදා හරි අත් හැරෙනවා",Ruhunuketha Dhammadewa Thero,Kanchana Anuradhi,Tharindu Damsara,NA,2021,කටු මතින් ඇවිද යමි මතක වන වදුළු,Remembering memories is painful,Remembering Memories,Thorns
Ma Prarthanawe,"ඔබ ගීයක් වී ආවේ වස්සාන කාලේ
හද මාරුතේ ගිනි නිවා
සිත සිහිලැල් වූ යාමේ රෑ තාරකාවේ
අපෙ ආදරේ එහි ලියා

මා ප්‍රාර්ථනාවේ ඈ දෑස දැල්වේ
ලැමැදේ මගේ ඈ හොවා
ඈ ප්‍රාර්ථනාවේ මා මුවඟ ගොලුවේ
දුරකින් දුකින් මා දවා

පෑ එදා ආලවන්තයේ සිනා
දෑසින් රහසින්ම යා වුණා
පෑ එදා ආලවන්තයේ
දෑසින් රහසින්ම යා වුණා
දිවුරා කියන්නම් ස්නේහේ නමින්
අරමුණ මගේ ඔබ වුණා

මා ප්‍රාර්ථනාවේ ඈ දෑස දැල්වේ
ලැමැදේ මගේ ඈ හොවා

රෑ පුරාම හීන පීරලා
නෑනේ තාම අපිව හමුවෙලා
හාදු එව්වේ සුලඟේ දවටලා

හංග හංග උන්නු කාරණා
නින්ද නේන රෑක එලිවුණා
ආපු දුරක මතකේ සිහිවුණා

පාර කියපු ගීතේ තනුව මා සදා වුණා

මා ප්‍රාර්ථනාවේ ඈ දෑස දැල්වේ
ලැමැදේ මගේ ඈ හොවා
ඈ ප්‍රාර්ථනාවේ මා මුවඟ ගොලුවේ
දුරකින් දුකින් මා දවා",Supun Perera,Supun Perera,Ma Prarthanawe,NA,2022,"ඔබ ගීයක් වී ආවේ
හද මාරුතේ ගිනි නිවා","You came into my life
Reduce emotional pain","Girl
Pain","Song
Fire"
Ma Wetha Enna,"මව්බිම රකින්නේ
ජවයේ බලයෙන්ය
යෝධ ජවය ලැබුනේ
දෙවි පිහිටෙන්ය
දහදුක් විදෙන්නේ
අප සැම වෙනුවෙන්ය
මා ජීවත් වුනේ
ලද පියසෙනෙහෙන්ය

මොලකැටි වදන්
ඔබේ සවට තෙපලන්න
මා හඩනා විට තුරුලට අරගන්න

ඔබ දන ගැසූවිට
අලියා පිට යන්න
මතකයි බලා උන් හැටි
මා නැලවෙන්න

තුරුලට වෙලා
පිය උනුහුම විදගන්න
පින් මදිවෙන්නැති
උකුලට වී ඉන්න

එල්ලී ඇගිල්ලේ
ඉස්කෝලෙට යන්න
මැව්වෙමි සිහින සගවා
කදුලැලි ගොන්න

තව තව ජවය ලැබ
සතුරන් මැඩලන්න
මව්බිම රැකගන්න
එහි කිසරිදු වන්න

මා තුරුලට අරන්
පිය උනුහුම දෙන්න
මගේ ලෝකයේ හිරු වී
මා වෙත එන්න
මගේ ලෝකයේ හිරු වී
මා වෙත එන්න",Gen. Kamal Gunarathne,Kanchana Anuradhi; Rivindu Wanniachchi,Suresh Maliyadda,NA,2022,මගේ ලෝකයේ හිරු වී,Was someone who I can't live without,Father,Sun
Mage,"හද මඩලම දුනි පවරා
සදේ නුඹ
නැතුවම බැරි තැන මා

නෙතු බර කර නුඹ බලනා
අනේ මම
හද අවනත නැතුවා

මගේ ආලේ ඉල්ලන්න
දෑසේ යාවී ඉන්නම් මා
ආනේ මාහිත් ආයේ ඉගි මරනා

මගේ ආලේ ඉල්ලන්න
දෑසේ යාවී ඉන්නම් මා
ආනේ මාහිත් ආයේ ඉගි මරනා

ඒ හැගුමේම පාවීලා මා
නොදැනිම බැදිලා මේ
උතුරන ස්නේහේ කිම
සගවනු මා

නෑ යන්නේ නෙතු තෙමලා මා
ඉන්නේ අද පේවීලා මේ
සසරේම ඒවී නුබේ
දෑතේ වෙලිලා

හද මඩලම දුනි පවරා
සදේ නුඹ
නැතුවම බැරි තැන මා

නෙතු බර කර නුඹ බලනා
අනේ මම
හද අවනත නැතුවා

මගේ ආලේ ඉල්ලන්න
දෑසේ යාවී ඉන්නම් මා
ආනේ මාහිත් ආයේ ඉගි මරනා

මගේ ආලේ ඉල්ලන්න
දෑසේ යාවී ඉන්නම් මා
ආනේ මාහිත් ආයේ ඉගි මරනා

හද මඩලම දුනි පවරා
හද මඩලම දුනි පවරා
සදේ නුඹ
නැතුවම බැරි තැන මා

මගේ ආලේ ඉල්ලන්න
දෑසේ යාවී ඉන්නම් මා
ආනේ මාහිත් ආයේ ඉගි මරනා

මගේ ආලේ ඉල්ලන්න
දෑසේ යාවී ඉන්නම් මා
ආනේ මාහිත් ආයේ ඉගි මරනා",Dulan ARX,Kanchana Anuradhi,Chamath Sangeeth,NA,2022,සදේ නුඹ,You are someone important,Boy,Moon
Mage Nedo,"ඔබ කියූ
ඔබ ගෙතූ
පෙම් කතා
කාටදෝ

නෙතු බැලුම් දුන් හැගුම්
තවමත් මාගේ දෝ
කාටවත් නෑ ඔබේ
දෑසේ ඉනා
ආදරේ මේතරම් ඒ නිසා
මාගේ නිසා

මගේ නේදෝ
අපේ වේදෝ
ගැයූ පෙම් ගී
රහයි නේදෝ

මා අසලට වී
තුරුල් වෙමු දෝ
නෙතේ පැටලී
ඔහේ ඉමුකෝ

හදවතත් නැවතුනේ
ඔබ ලගදී විතර නේ
නොමැකෙනා මතකයන්
දුන්නේ නුඹම නේ
ඒ මතක ගැලපුවේ
අපි විතර නේ
සෑහෙන්න ආදරේ ඒකනේ
මේ ඔබට නේ

මගේ නේදෝ
අපේ වේදෝ
ගැයූ පෙම් ගී
රහයි නේදෝ

මා අසලට වී
තුරුල් වෙමු දෝ
නෙතේ පැටලී
ඔහේ ඉමුකෝ

නෙතගින් කදුලක් අරන්
රිදුවත් ඔබට මං මේ වෙලේ
මනසින් විදවූ තරම්
නුඹ දන්නෑ ලදේ ඒ දිනේ

මගේ නේදෝ
අපේ වේදෝ
ගැයූ පෙම් ගී
රහයි නේදෝ

මා අසලට වී
තුරුල් වෙමු දෝ
නෙතේ පැටලී
ඔහේ ඉමුකෝ",La Signore ,La Signore ,La Signore,NA,2021,ගැයූ පෙම් ගී රහයි නේදෝ,The songs were beautiful weren't they?,Beautiful song,Tasty
Mahamaya,"නිස්සාර වූ සංසාරයේ දුක් වේදනා මිදෙනා නියා..
පුතුනූ අපේ හැරදා ගියේ යසෝදරා හා බිළිඳු පුතා..

කම්පා නොවන් සඳ මහාමායා..කුමාරයා හැරදා ගියා..
තුන්ලෝ උතුම් බුදු පදවි පතා..
කුමාරයා හැරදා ගියා

මහාමායා…

රුදු සසර ගිනී – බුදු ඇසට පෙනී
ගිනි නිවන මෙනී – වැසි වසිනු වැනී..

අඩුවක් වුනාදෝ ජීවිතේ – ඉසුරින් පිරී මේ මාලිගේ
ගැටුමක් ඇතැයි සිතුනා සිතේ – හැරදා ගියේ ඇයි මාලිගේ..

සදහම් අමා වැහී හෙලනා රඟේ
නොසැලී බලන් මහාමායා…
සසරින් මිදී පුතූ වඩිනා රඟේ
නොසැලී බලන් මහාමායා..

මහාමායා… මහාමායා…
කම්පා නොවන් මහාමායා…
මහාමායා… මහාමායා…
කම්පා නොවන් මහාමායා…",Chandrasena Thalangama,Supun Perera,Charitha Attalage,NA,2019,රුදු සසර ගිනී,Cycle of life and death is endless and painful,Sansara,Fire
Mal Madahasa,"මල් මදහාස පීදෙනා
නිල් නෙතු ඈගේ වාසනා
සෙනෙහස පැවා ලං වීලා
දුටුවම දෑස පෑ සිනා
හද රැදී ශෝක වේදනා
සැනෙකින් යාවි හැංගිලා
ඇය මගේ ජීවේ පෙම් ලෝකේ
එකමග ආවේ සංසාරේ
නිදැල්ලේ සරන්නේ මා හා
වසන්තේ පෙමින් ලංවීලා
මල් මදහාස පීදෙනා
නිල් නෙතු ඈගේ වාසනා
සෙනෙහස පැවා ලං වීලා
දුටුවම දෑස පෑ සිනා
හද රැදී ශෝක වේදනා
සැනෙකින් යාවි හැංගිලා
රුව දැක ඈගේ මල් වාරේ
බඹරුන් එවි සංචාරේ
ගයන්නේ රගන්නේ ඈ හා
බිඟුන් ඒ රුවින් මත්වීලා
මල් මදහාස පීදෙනා
නිල් නෙතු ඈගේ වාසනා
සෙනෙහස පැවා ලං වීලා
දුටුවම දෑස පෑ සිනා
හද රැදී ශෝක වේදනා
සැනෙකින් යාවි හැංගිලා
මල් මදහාස පීදෙනා
නිල් නෙතු ඈගේ වාසනා
සෙනෙහස පැවා ලං වීලා
දුටුවම දෑස පෑ සිනා
හද රැදී ශෝක වේදනා
සැනෙකින් යාවි හැංගිලා
සැනෙකින් යාවි හැංගිලා
සැනෙකින් යාවි හැංගිලා... හා... හා.",Chandradasa Fernando,Randhir Witana; Bhathiya Jayakody; Umaria,Ken Lappen,Essentials; Vol. 1,2013,මල් මදහාස පීදෙනා,Being happy,Happiness,Flowers
Mal sara Hee Sarin,"මල් සර හී සරින්
ඇස් පිල්ලම් යටින්
වින්ඳා කාටත් හොරෙන්
කවුරුත් නැති සිත් මලින්
ඉල්ලනෙ මා ඔබෙන් දෙනවාද මාහට
දෙනවාද මට ආදරේ.
මල්සරාගේ දුන්න වැරදී
මටම වැදුනාදෝ...
පාළු නගරේ ඉන්න ආසයි
ඉඩක් දෙනවාදෝ...
දිගන්තයකින් අනන්තෙට යන පාර මැද ඉන්නම්
ඔබට ළංවී...
හදේ දොරටුව ළඟට ඇවිදින්
සිතද ඉල්ලන්නේ...
මගේ නගරේ තවත් කෙනෙකුට
ඉඩක් නෑ දෙන්නේ...
වසර ගණනක් පෙරුම් පුරලා
නැගූ මන්දීරේ මටම හිමිවූ...
මල් සර හී සරින්
ඇස් පිල්ලම් යටින්
වින්ඳා කාටත් හොරෙන්
කවුරුත් නැති සිත් මලින්
ඉල්ලනෙ මා ඔබෙන් දෙනවාද මාහට
දෙනවාද මට ආදරේ",Shantha Deshabandu,Shashika Nisansala,Dihan Kularathna; Jeewantha Udara,NA,2013,මගේ නගරේ තවත් කෙනෙකුට,Another girl in my mind,Mind,Town
Mandakini,"සුහුඹුල් වත නිකලැල්
සිප ගන්නෑ රළු දෙතොලින් නම් කිසිදා
ආදරෙ හන්දා
මුතුවැල් වගේ හසරැල්
පරදාවි නිල් මානෙල් මල් සැමදා
ඔබේ රූ හන්දා
රෑය පුරා මුලු රෑ පුරා
නිදිවරා මා නිදිවරා
කල්පනා හීනයක තනිවුනා
මා සිත්තම් ඔබ ගෙත්තම්
කෙරුවා මන්දාකිණි
මා යන්තම් සිප ගන්නම්
තුරුලේ සඟවන් මල් මාලිණී
මාගේ ඒ... ඒ... ඒ...
ඇහි පිල්ලම් ඔබ ගස්සන තාලේ
ලොව නැහැවේ වරු ගානින් අඳුරේ
මුදු වදනින් ඔබ ඇමතු වේලේ
හද පිපුනා; මට දැනුනා
ඔබ වෙනුවෙන් ආදරේ
මා සිත්තම් ඔබ ගෙත්තම්
කෙරුවා මන්දාකිණි
මා යන්තම් සිප ගන්නම්
තුරුලේ සඟවන් මල් මාලිණී
මාගේ ඒ... ඒ... ඒ...
නිල් අහසින් බැස ආ සඳ සාවී
විල් තෙරේදි අපි හමුවෙමු කුමරී
දිගු දෙනුවන් මත මා දල්වන්නී
සිප ගනිමි යලි හමුවී
මතු දවසක ආදරේ
මා සිත්තම් ඔබ ගෙත්තම්
කෙරුවා මන්දාකිණි
මා යන්තම් සිප ගන්නම්
තුරුලේ සඟවන් මල් මාලිණී
මාගේ ඒ... ඒ... ඒ...
මා සිත්තම් ඔබ ගෙත්තම්
කෙරුවා මන්දාකිණි
මා යන්තම් සිප ගන්නම්
තුරුලේ සඟවන් මල් මාලිණී
මාගේ ඒ... ඒ... ඒ...",Sajith Akmeemana ,Romesh Sugathapala,Gayan Randy Perera,NA,2017,නිල් අහසින් බැස ආ සඳ සාවී,Someone beautiful,Girl,Moon stepping down from sky
Maruthe,"මාරුතේ හමනා මේ තුරු සිහිලෙන් වස්සානේ
ජීවිතේ දැනෙනා මේ හැගුමන් නිල් වරුසාවේ

නීල දෑස බලලා
හීනේ දෑත පටලා
මාගේ වෙන්න පතලා
ආදරෙන් වෙලා

රහසින් මා පෙම් කරනා
නෙත් හොරැහින් ඉගි මරනා
මොහොතින් මහොතක් ගෙවෙනා
කාලෙට හිමිකම් කියනා

රෑ තුන් යාමේ මැවෙනා
රුව තරුවක් වී දිලෙනා
තවමත් නුහුරුයි කියලා
හැගුමෙන් මා වෙලුනා

ලෙංගතු වී ලා මා හා
නෙතගින් බස් කොදුරාවී
මල් මදහාසෙන් සරසා ලූ
ඈ පෙම් අගනාවී

සදවත ආදරෙයි කියා කියන් මට
නීල ආකාසේ
පේන මානයේ රැදී පෙම් හීන ගංගාවේ
මේ භවේ පුරා පතාම ආ ආලේ

රහසින් මා පෙම් කරනා
නෙත් හොරැහින් ඉගි මරනා
මොහොතින් මහොතක් ගෙවෙනා
කාලෙට හිමිකම් කියනා

රෑ තුන් යාමේ මැවෙනා
රුව තරුවක් වී දිලෙනා
තවමත් නුහුරුයි කියලා
හැගුමෙන් මා වෙලුනා",Ansaf Ameer,Ridma Weerawardana,Thilina Boralessa,NA,2022,පේන මානයේ රැදී පෙම් හීන ගංගාවේ,A lot of romantic dreams,Dreams,River
Mata Rawana,"මට රවනා…මුහුණත් අතරේ…
නුබ පෙණුනා… කොනකින් වාගේ..
නුබම ද මාගේ…තොල්පෙති තෙමුවේ
ඒ හාදුවේ නෑ අවසානය දුටුවේ..
අරමුණු මාගේ… නුබ ලග තිබුනේ…
එක හුස්මක් ලග දවසක් ගෙවුනේ…

මට රවනා…මුහුණත් අතරේ…

මා..උදුරාගත් හාදුවේ…
මැවී සැලුනා..හැම ස්වරයම මගේ හදේ…
ඒ…හුස්මට මුසු වූ නුබේ.. නෙත නිව්නේ…

මට රවනා…මුහුණත් අතරේ…

රෑ අහසට බර වූ සදේ
නුබ වැටුනා මගේ පා මුල ඒ පැයේ…ඒ…
සිත්තරු ඇදි සිතුවමේ නුබ උන්නේ…

මට රවනා…මුහුණත් අතරේ…
නුබ පෙණුනා… කොනකින් වාගේ..
නුබම ද මාගේ…තොල්පෙති තෙමුවේ
ඒ හාදුවේ නෑ අවසානය දුටුවේ…
අරමුණු මාගේ… නුබ ලග තිබුනේ…
එක හුස්මක් ලග දවසක් ගෙවුනේ…

මට රවනා…මුහුණත් අතරේ…",Manuranga Wijesekara,La Signore ,Lahiru Perera,NA,2016,මැවී සැලුනා..හැම ස්වරයම මගේ හදේ…,Beating heart,Heartbeat,Song
Mihirawa awa,"කතරට වහින වැස්ස සේ මල් වැසි ආවා.
සුලගට සලිත ලිය වැලක් ලාදලු පෑවා.
විලකට නෙලුබු මලතුරේ පිණිබිදු දෝවා.
මලකට සුවද පොද වගේ මුවරද නාවා.

මිහිරාව ආවා. මදුරාස කීවා.
හිත හීන් හිරියාවෙ පෙම් සුවද නෑවා

මිහිරාව ආවා. මදුරාස කීවා.
හිත හීන් හිරියාවෙ පෙම් සුවද නෑවා

ඔය තුරුලෙමයි ප්රිය බදේ
ඔය තුරුලෙමයි ප්රිය බදේ…

හිරු පායන්නෙ මේ ජීවිතේ
හිරු පායන්නෙ මේ ජීවිතේ…

සංසාරන්යෙයේ බෝම විස කටු තියේ.
මේ ආරන්යයේ ඉන්න මට පින තියේ.
මිහිරාව ආවා. මදුරාස කීවා.

හිත හීන් හිරියාවෙ පෙම් සුවද නෑවා
හිත හීන් හිරියාවෙ පෙම් සුවද නෑවා…

ඔය තුරුලෙමයි ප්‍රිය බදේ
ඔය තුරුලෙමයි ප්‍රිය බදේ…

හිරු පායන්නෙ මේ ජීවිතේ
හිරු පායන්නෙ මේ ජීවිතේ…

හිරු අරුනැල්ල සේ පෑව මොහිරාවියේ.
මෙන්න මගෙ ජීවිතේ පුදමි පඩුරක් ලෙසේ.
මිහිරාව ආවා. මදුරාස කීවා.

හිත හීන් හිරියාවෙ පෙම් සුවද නෑවා
හිත හීන් හිරියාවෙ පෙම් සුවද නෑවා

ඔය තුරුලෙමයි ප්‍රිය බදේ
ඔය තුරුලෙමයි ප්‍රිය බදේ…

හිරු පායන්නෙ මේ ජීවිතේ
හිරු පායන්නෙ මේ ජීවිතේ…",Jackson Anthony,Sajitha Anthony,Chinthaka Jayakody,NA,2019,"සංසාරණ්ය යේ බෝම විසකටු තියේ
මේ ආරණ්යරයේ ඉන්න මට පින තියේ","There are many toxic girls
But my girlfriend is not so","Girls in general
Girl","Poisonous thorns
Calm place"
Naden,"නෑ නෑ නැවතුන මේ හිත නුඹ ළඟ
වෙනතක නතර වෙලා..
මා හා ඉඟිබිඟි පානා නුඹෙ නෙත දැක හිත ඔකඳ වෙලා..

හද නිම් නාදෙන් නාදෙන් නාදෙන් නාදෙන් නාදෙන් මත් වෙන්නා..
හැඟුමන් ආ දෙන් ⁣යා වෙම් නුඹේම වෙලා..ලා ලලා

හද නිම් නාදෙන් නාදෙන් නාදෙන් නාදෙන් නාදෙන් මත් වෙන්නා..
හැඟුමන් ආ දෙන් ⁣යා වෙම් නුඹේම වෙලා..ලා ලලා

දෙවඟන ඈ..
රැවකට නැවතී මා පෙර නෑ
නාහෙට නාහන මේ හද නෑ..
සිහියක හිඳවනු බෑ
දැක නාරී නාරී නාරී (දේහේ ඈ)

දිනකර ඈ
මන පිනිබිඳුවකි මා ළග ඈ
සිලුවකි ගිනි දවනා ගත රෑ..
සමවැද හිදිනට බෑ
මිදි දෑනෙන් දෑනෙන් දෑනෙන් ආයේ..

දේවී ප්‍රේමී හැඟුමන් පා
වේවී හෘදේ ලැගුමන් මා..
මේ නෙත් මානෙන් නොම යන් මාගෙන් මාගෙන් මාගෙන්

දේවී ප්‍රේමී හැඟුමන් පා
වේවී හෘදේ ලැගුමන් මා..
මේ නෙත් මානෙන් නොම යන් මාගෙන් මාගෙන් මාගෙන්

හද නිම් නාදෙන් නාදෙන් නාදෙන් නාදෙන් නාදෙන් මත් වෙන්නා..
හැඟුමන් ආ දෙන් ⁣යා වෙම් නුඹේම වෙලා..ලා ලලා..

හද නිම් නාදෙන් නාදෙන් නාදෙන් නාදෙන් නාදෙන් මත් වෙන්නා..
හැඟුමන් ආ දෙන් ⁣යා වෙම් නුඹේම වෙලා..ලා ලලා..

දේවී ප්‍රේමී හැඟුමන් පා
වේවී හෘදේ ලැගුමන් මා..
මේ නෙත් මානෙන් නොම යන් මාගෙන් මාගෙන් මාගෙන්

දේවී ප්‍රේමී හැඟුමන් පා
වේවී හෘදේ ලැගුමන් මා..
මේ නෙත් මානෙන් නොම යන් මාගෙන් මාගෙන් මාගෙන්

නෑ නෑ නැවතුන මේ හිත නුඹ ළඟ
වෙනතක නතර වෙලා..
මා හා ඉඟිබිඟි පානා නුඹෙ නෙත දැක හිත ඔකඳ වෙලා",Dulan ARX ,Kanchana Anuradhi; Supun Perera,Chamath Sangeeth,NA,2022,දෙවඟන ඈ,She's a kind person,Girl,Angel
Naukawa,"ඇදී යන්නේ
මේ දිගන්තේ මාරුතේ හැපී
මන්දාකිණි හමුවේවිදෝ
අහස් ගග තරණයේ

වසන්තේ
දුරයිදෝ
කෙසේ හෝ ලංවේවිදෝ
අනන්තේ දකියිදෝ
නිම් තෙර හමුවන තුරා

නෞකාවේ
ගමනේ
නෞකාවේ
ගමනේ

තරමක උසට වැඩුනු
හය හතරක ඇඟකට
උරුම කරුවෙකු
නොවන මගෙ පපුවට
ලොකු පොඩි හැම දෙයක්ම දැනුනා
මග බලන බලන තැන
හුස්මට දුවගෙන
තරුම හොයන් යන
මේ දිවි ගමනක
කෙළවර එක බව මට දැනුනා

වසන්තේ
දුරයිදෝ
කෙසේ හෝ ලංවේවිදෝ
අනන්තේ දකියිදෝ
නිම් තෙර හමුවන තුරා

නිමා වෙන්නේ මේ ජීවේ
රිද්මයකට හුරු වූ
හඹා යන්නේ මායාවේ
අතීතයම රැවටු

වසන්තේ
දුරයිදෝ
කෙසේ හෝ ලංවේවිදෝ
අනන්තේ දකියිදෝ
නිම් තෙර හමුවන තුරා

ගමනේ
නෞකාවේ
ගමනේ
නෞකාවේ
ගමනේ

නෞකාවේ
ගමනේ
ඇදී යන්නේ
මේ දිගන්තේ
මාරුතේ හැපී",Dhanith Sri,Dhanith Sri,Dhanith Sri,NA,2018,වසන්තේ දුරයිදෝ,Is a good life far away,Good life,Spring
Nissara,"නිස්සාර සංසාර හීනේ අතීතේ
ඔබ ඉන්නවා දැනෙනවා
කවදාක හමුවෙන්න
දැකගන්න වේදෝ
තුන්යාමෙ මන් අහනවා
හැම රෑම ඈ ගාව ඔබ නිදනවා
ඔබ නැතුව ඔය හිතම මන් ඉඹිනවා
හැම රෑම ඈ ගාව ඔබ නිදනවා
ඔබ නැතුව ඔය හිතම මන් ඉඹිනවා
උණුසුම් හාදුවද ඇගේ
සෙනෙහස තාම අපෙ හිතේ
උණුසුම් හාදුවද ඇගේ
සෙනෙහස තාම අපෙ හිතේ
දකිනා වාරයක පවා
මගෙ මුළු හිතම ගිණි ගනී
මන්දාරම් පවන් පොදේ
තාමත් ඔබේ සුසුම් දැනේ
මන්දාරම් පවන් පොදේ
තාමත් ඔබේ සුසුම් දැනේ
හිත ගැහෙනා මේ හීතලේ
සැඟවෙන් ඔබගෙ පපුතුරේ
නිස්සාර සංසාර හීනේ අතීතේ
ඔබ ඉන්නවා දැනෙනවා
කවදාක හමුවෙන්න
දැකගන්න වේදෝ
තුන්යාමෙ මන් අහනවා
හැම රෑම ඈ ගාව ඔබ නිදනවා
ඔබ නැතුව ඔය හිතම මන් ඉඹිනවා
හැම රෑම ඈ ගාව ඔබ නිදනවා
ඔබ නැතුව ඔය හිතම මන් ඉඹිනවා",Abhisheka Wimalaweera,Abhisheka Wimalaweera,Dilum Thejana,NA,2017,මගෙ මුළු හිතම ගිණි ගනී,Feeling sadness,Sadness,Burning mind
Noliyami,"නොලියමී අසුන්දරකම්
ඉතින් මතකෙන් වියැකුනා වේ
හිමි නැතී පෙමින් තව නම්
නොවෙම් මා තොර සොදුර මාගේ

හීනයක් හීනයක්
දෑස අභියස මා ලග දැන්
හීනයක් හීනයක්
මවනු නොහැකිව මා

අහංවර වී
ඔබෙන් පැමිණී වසන්තය මල් නෑ පිපී
සොවින් නොතැවී ගිමන් හරිමී
අදින් පසු නවතීමී

මුවපුරා හරි ආදරෙන්
ආදරෙන් ඔබ කී වදන්
නෑසුනා තරමින් දුරින්
මා හිදින්නේ ඈතකින්

අහංවර වී
ඔබෙන් පැමිණී වසන්තය මල් නෑ පිපී
සොවින් නොතැවී ගිමන් හරිමී
අදින් පසු නවතීමී

රෑ පුරා දැවෙනා සුසුම්
සෝසුසුම් අළුවී ගිහින්
ඔබ ගෙනා උනුසුම් හැගුම්
හීතලින් වියැකී ගිහින්

අහංවර වී
ඔබෙන් පැමිණී වසන්තය මල් නෑ පිපී
සොවින් නොතැවී ගිමන් හරිමී
අදින් පසු නවතීමී",Nisal Gamage,Kanchana Anuradhi; Rivindu Wanniachchi,Kanchana Anuradhi,NA,2022,ඔබ ගෙනා උනුසුම් හැගුම්හී තලින් වියැකී ගිහින්,The happy feelings you gave has left,Sadness,Coldness
Obamai Aloke,"මේ ප්‍රේම චායාවේ
මල් පිපෙන හෝරාවේ
සිප ගත්ත රෑ යාමේ සොඳුරේ

ඒ සිහින රේඛාවේ
ඉගිලෙන්න සැනසිල්ලේ
‍රෝසමල් යහනාවේ සොඳුරේ

ආදරේ සිතේ සාගරේ වගේ
මට කීව කීව පෙම් කතන්දරේ
ශෝකගිම් නිවී ප්‍රේමියේ මගේ
තාරුකා වගේ දිලෙයි අහසේ…

ඔබමයි ආලෝකේ ඔබමයි මා සිහිනේ
ඔබමයි මා ජීවේ..ප්‍රේමියේ..
ඔබමයි ආලෝකේ ඔබමයි මා සිහිනේ
ඔබමයි මා ජීවේ..ප්‍රේමියේ…
සංසාර සරනාවී ප්‍රේමයේ සනසාවී
ආදරෙන් මට ලංවී මාගේ කෝල මනමාලී…

මේ ප්‍රේම චායාවේ – සිත රැඳුණු මදහාසේ
ඔබේ රුවමයි මට සිහිවෙන්නේ
ඔබෙ නෙත් දුටුවාවේ හදේ මල් පිපුනාවේ
ප්‍රේමරැල් නැගුනාවේ හදේ..

ආදරේ සිතේ සාගරේ වගේ
මට කීව කීව පෙම් කතන්දරේ
ශෝකගිම් නිවී ප්‍රේමියේ මගේ
තාරුකා වගේ දිලෙයි අහසේ…

ඔබමයි ආලෝකේ ඔබමයි මා සිහිනේ
ඔබමයි මා ජීවේ..ප්‍රේමියේ…
ඔබමයි ආලෝකේ ඔබමයි මා සිහිනේ
ඔබමයි මා ජීවේ..ප්‍රේමියේ…
සංසාර සරනාවී ප්‍රේමයේ සනසාවී
ආදරෙන් මට ලංවී මාගේ කෝල මනමාලී…

ආදරේ සිතේ සාගරේ වගේ
මට කීව කීව පෙම් කතන්දරේ
ශෝකගිම් නිවී ප්‍රේමියේ මගේ
තාරුකා වගේ දිලෙයි අහසේ…

සංසාර සරනාවී ප්‍රේමයේ සනසාවී
ආදරෙන් මට ලංවී මාගේ කෝල මනමාලී",Dilmin Perera,Supun Perera,Dilmin Perera,Obamai Aloke,2021,"ඔබමයි ආලෝකේ
ඔබමයි මා සිහිනේ
ඔබමයි මා ජීවේ","You lighten up my life
You are what I want
You are important to me","Girl
Girl
Girl","Light
Dream
Life"
Pandama,"පන්දම රැගෙන යන්න එන්න මා හදවතට
නෙතු දැහැන් බිඳිනා රන් සලුව ඇඳ
ලියතඹර ලෙලවා හද මඬල යට
දෙන්න මැණිකෙ මගෙ පපුවට ගින්දර
මේ දුර දිවි කතරේ අතරමඟදි දැකලා නැතී
රුවකට නෙත ගැටුණේ කතරක වැසි වැටෙනා දැනේ
හදවත පතුලේ යකු බෙර වැයුණේ තම්දෙන තානේනේ නා
අනේ මගේ යකුනේ නටපන් හනිකේ තම්දෙන තානේනේ තානේනේ තානානේ

ඉණ වට බැන්දා වූ මුතු පොට සැලෙනකොට
පන්දම දැවෙනවා හද ගිනි ලවාගෙන
වැහි කළුව එනවා නුඹ නැති දාට
සිත් අහසම පුරවා අන්ධකාරෙක
මේ දුර දිවි කතරේ අතරමඟදි දැකලා නැතී
රුවකට නෙත ගැටුණේ කතරක වැසි වැටෙනා දැනේ
මේ දුර දිවි කතරේ අතරමඟදි දැකලා නැතී
රුවකට නෙත ගැටුණේ කතරක වැසි
වැටෙනා දැනේ
හදවත පතුලේ යකු බෙර වැයුණේ තම්දෙන තානේනේ නා
අනේ මගේ යකුනේ නටපන් හනිකේ තම්දෙන තානේනේ තානේනේ
තානානේ
අනේ මගේ යකුනේ නටපන් හනිකේ තම්දෙන තානේනේ තානේනේ
තානානේ",Dhanith Sri ,Dhanith Sri ,Dhanith Sri,NA,2018,"පන්දම රැගෙන යන්න එන්න මා හදවතට
හදවත පතුලේ යකු බෙර වැයුණේ","Come and accept my love
My heart is beating loudly","Love
Heartbeat","Flame
Drums"
Perawadanak,"පෙරවදනක් වී මගේ කතාවට
පටුන ලියන්නට හීන එවා
පිටුවෙන් පිටුවට ගෙතූ කතාවට
හිස් පිටුවක් ඉඩ තබා ගියා
අරුත බිඳී ගිය අන්දරයක රස
කිමැයි කියා නොදැනෙන හින්දා
තවත් තියෙනවා හිතේ පොතේ ඉඩ
මෙතෙක් ලියූ කිවිඳියම පතා
පැතූ කතාවේ නිමක් දකින්නට
උපන් භවේ පින මදි හින්දා
බලා හිඳිමි මතු භවයක හෝ
පසුවදන ලියන්නට එතැයි කියා
පෙරවදනක් වී මගේ කතාවට
පටුන ලියන්නට හීන එවා
පිටුවෙන් පිටුවට ගෙතූ කතාවට
හිස් පිටුවක් ඉඩ තබා ගියා",Uma Aseni,Sanuka Wickramasinghe,Sanuka Wickramasinghe,NA,2017,තවත් තියෙනවා හිතේ පොතේ ඉඩ,Have more room in my mind,Mind,Book
Prakampitha,"ප්‍රකම්පිත චිත්තා ශක්තිනී  
අකම්පිත මාතා භක්තිනී
මන සාර චිත්තාකර්ශනී 
ධරක ප්‍රේමිණී...

අග්නි වර්ශා දිවිය අවුරා 
පුරා සඳ විලසින් පැහැදුල් මන නොසැලේ 
සලිත නොවෙමින් මනසින් පවා 
සරතැස දරයි මන ගැඹුරේ 

සුසුම් උහුලා රිදුම් ඉවසා 
දරා ළය පතුලින් දිවි ගිම් දිවිකතරේ
අචල හැඟුමින් පියවර තබා 
විදසුන් වඩයි දිවි මාරුතේ 

ප්‍රකම්පිත චිත්තා ශක්තිනී  
අකම්පිත මාතා භක්තිනී
මන සාර චිත්තාකර්ශනී 
ධරක ප්‍රේමිණී 
ධරණී ...",Shehan Galahitiyawa,Supun Perera,Nimesh Kulasinghe,NA,2020,දිවි මාරුතේ,Journey of life,Life,Road
Punchi aththatu,"පුංචි අත්තටු සිදින්නේපා
පුංචි අත්තටු සිදින්නේපා

අපේ සතුටට ගීතයක්
ලියා නොමැතිද කිවිදුනේ ලොවේ
විඩා නිවනට කවිපෙලක්
අසා නොමැතිද ජීවිතේ අපේ
පාසලේ සීනු හඩ නැතේ
සෙල්ලමයි අපේ
පුංචි කාසිය රවුමට මවනා ජීවිතේ

පුංචි අත්තටු සිදින්නේපා
කැකුළු මල් පෙති තලන්නේපා
බබර ගී ගොලු කරන්නෙපා
සෙල්ලම් ගෙයි බිදින්නෙපා

Let them fly
Don’t clip their wings
It’s their world let them live and win
All we gotta do is set them free now
Let them shine don’t bring them down
See them smile when they here this song
Give them hope and let everyone know
We’ll be there
When they need us
As a helping hand
So that they know we won’t let them down

පුංචි අත්තටු සිදින්නේපා
කැකුළු මල් පෙති තලන්නේපා
බබර ගී ගොලු කරන්නෙපා
සෙල්ලම් ගෙයි බිදින්නෙපා

පුංචි අත්තටු සිදින්නේපා
කැකුළු මල් පෙති තලන්නේපා
බබර ගී ගොලු කරන්නෙපා
සෙල්ලම් ගෙයි බිදින්නෙපා",Chandrasena Thalangama; Charitha Attalage; Kishawn,Ridma Weerawardena,Charitha Attalage,NA,2019,පුංචි අත්තටු සිදින්නේපා,Don't take away the freedom,Freedom,Wings
Rambari,"රම්බරි කියපන් උඹෙ නොම්බරේ
තන්දුරි කමුද නොදා බරබරේ
වාකරෙ කවුද ඉන්නෙ ජරමරේ
අම්පාරෙ මල්ලි නිදිද කාමරේ (වැඩිද මන්දා)

ජම්බෝලේ වගෙ ඉන්න සුන්දරා
සම්බෝලෙ කොටල ගමුද ලුණු දමා
දංගොල්ලෙ මාම ඇවිත් මහ කුණා
ගස් පල්ලෙ ඉඳන් බොමුද රා පෙරා

රපට ඩපඩ රපට ඩපඩ රපට ඩපඩ රප ඩබ් ඩබ්
රපට ඩපඩ රපට ඩපඩ රපට ඩපඩ රප ඩබ් ඩබ්

එන්න මල්ලි එන්න මල්ලි නැගිටලා
මෙන්න මල්ලි මෙන්න මල්ලි රස කතා
පාන් බාගෙ කපල ගන්න
ප්ලේන්ටි වක්කරල ගන්න
එන්න මල්ලි එන්න මල්ලි නැගිටලා

එන්න නංගි එන්න නංගි හැඩදමා
එළිවෙනකම් සින්දු කියමු රොක් වෙලා
ලෝකෙ තියෙන හොඳම සොමිය
එළිවෙනකම් අපේ ජොලිය
ගන්න නංගි ගන්න නංගි එක් වෙලා

රපට ඩපඩ රපට ඩපඩ රපට ඩපඩ රප ඩබ් ඩබ්
රපට ඩපඩ රපට ඩපඩ රපට ඩපඩ රප ඩබ් ඩබ්

කන්ණඩි දැම්මත් නෑ හැඩවැඩේ (ඩේ ඩේ)
කවුද මේක බාරගන්නෙ අන්තිමේ (මේ මේ)
ලොරි බාගේ මට දුන්නත් හුටපටේ (ටේ ටේ)
මෙහෙම කටක් දැක්කෙම නෑ මේ රටේ (ටේ ටේ)

හුම්මානෙන් වතුර බොමුද සෝබනා
හඳපානේ විරිදු කියමු රන්ජනා
ලොරි බාගෙන් රවුමක් යමු රෑ වෙලා
මරදානෙන් පරාට කමු ලංවෙලා

රුක්මන් දාබන රුක්මන් දාබන රුක්මන් දාබන දාබන රුක්මන්
රුක්මන් දාබන රුක්මන් දාබන රුක්මන් දාබන රුක්මන්

එන්න මල්ලි එන්න මල්ලි නැගිටලා
මෙන්න මල්ලි මෙන්න මල්ලි රස කතා
පාන් බාගෙ කපල ගන්න
ප්ලේන්ටි වක්කරල ගන්න
එන්න මල්ලි එන්න මල්ලි නැගිටලා

එන්න නංගි එන්න නංගි හැඩදමා
එළිවෙනකම් සින්දු කියමු රොක් වෙලා
ලෝකෙ තියෙන හොඳම සොමිය
එළිවෙනකම් අපේ ජොලිය
ගන්න නංගි ගන්න නංගි එක් වෙලා

රපට ඩපඩ රපට ඩපඩ රපට ඩපඩ රප ඩබ් ඩබ්
රපට ඩපඩ රපට ඩපඩ රපට ඩපඩ රප ඩබ් ඩබ්

සෙල්ලම් වලින් රට හොල්ලපු ලොකුසිරා
ඇතුලෙ ඉඳන් ඊයෙ ඇවිත් ඒ හොරා
එහා ගෙදර මැගි අක්කට හරි හිනා
මට නම් නෑ දිරවන්නේ ඔය කතා

මුරලි දැම්ම හොඳට දුස්රා අඹරලා
සනත් ගැහුවා තිතට අනේ නෑ හිනා
ජොන් සීනා කාල හොඳට පෙරේදා
එත් වහලෙ හිලෙන් වතුර ගැලුව රෑ පුරා

රපට ඩපඩ රපට ඩපඩ රපට ඩපඩ රප ඩබ් ඩබ්
රපට ඩපඩ රපට ඩපඩ රපට ඩපඩ රප ඩබ් ඩබ්

එන්න මල්ලි එන්න මල්ලි නැගිටලා
මෙන්න මල්ලි මෙන්න මල්ලි රස කතා
පාන් බාගෙ කපල ගන්න
ප්ලේන්ටි වක්කරල ගන්න
එන්න මල්ලි එන්න මල්ලි නැගිටලා

එන්න නංගි එන්න නංගි හැඩදමා
එළිවෙනකම් සින්දු කියමු රොක් වෙලා
ලෝකෙ තියෙන හොඳම සොමිය
එළිවෙනකම් අපේ ජොලිය
ගන්න නංගි ගන්න නංගි එක් වෙලා

එන්න මල්ලි එන්න මල්ලි නැගිටලා
මෙන්න මල්ලි මෙන්න මල්ලි රස කතා

පාන් බාගෙ කපල ගන්න
ප්ලේන්ටි වක්කරල ගන්න
එන්න මල්ලි එන්න මල්ලි නැගිටලා
එන්න නංගි එන්න නංගි හැඩදමා
එළිවෙනකම් සින්දු කියමු රොක් වෙලා

ලෝකෙ තියෙන හොඳම සොමිය
එළිවෙනකම් අපේ ජොලිය
ගන්න නංගි ගන්න නංගි එක් වෙලා",La Signore ,La Signore ,La Signore ,NA,2013,සනත් ගැහුවා තිතට අනේ නෑ හිනා,Sanath hit a 6,Great batting,Hitting the dot
Rathriyak,"මට මාත් නොමැති දිගු රාත්‍රියක් පමණි
මේ ආත්මයත් හැම වසන්තයත් සැඟවී
නුඹ සන්තකයේ සැඟවී

මට මාත් නොමැති දිගු රාත්‍රියක් පමණි
මේ ආත්මයත් හැම වසන්තයත් සැඟවී
නුඹ සන්තකයේ සැඟවී

දුර අනන්තයට අප සිතින් වැඩිය දවසේ
නුඹ මගේ බවත් මා නුඹේ බවත්
මුළු ලොවම නැහැනෙ සිතුවේ…

සිත කිලිටි නොවී මේ වසන්තයත් ගෙවුණි
හද සනසන්නද තව රවටන්නද
මා තවම නොදනි සොදුරේ…",Uditha Warnakulasooriya,Nadeemal Perera,Thisara Bandara,NA,2016,සිත කිලිටි නොවී මේ වසන්තයත් ගෙවුණි,Spent this time without being sad,Unhappiness,Unclean mind
Roja,"රෝජා නුඹ අද හවසත් එනවද
රෝජා නුඹ මා තනිකර යනවද
රෝජා තව එක බැල්මක් දෙනවද
රෝජා නුඹයි ආලේ මාගේ

ආකාසයෙන් ආ ලඳේ..
දෙව්දූකවන් රූපෙ මාගේ..
දෝරේ ගලයි ආදරේ..

මේ රැය නුඹ මා ළඟ නැති හන්දා..
නුඹ ගැන මතකය සිහිනෙක රන්දා..
මා තනියම වින්දේ..

මේ රැය නුඹ මා ළඟ නැති හන්දා..
නුඹ ගැන මතකය සිහිනෙක රන්දා..
මා තනියම වින්දේ..

කඳුරැල්ලේ ලන්දේ පායා සිනාසේ..
මල් වාරේ ඇවිදින් මෙහේ..
දෙකොපුල් විලේහී හසරැල් පිපේවී..
හැඟුමන් හදේ යාවෙවී..
ආලේ හැඟුම්..
ප්‍රේමේ පැතුම්..
ඇතිරූ සිතින් මා මෙහේ..
හිඳිමී ඉතින්..
නෙතුකැන් පියන්..
එයිදෝ සොයා මා කෙරේ..

රෝජා නුඹ තනියම අද එනවද..
රෝජා අද නුඹ මාගේ වෙනවද..
රෝජා නුඹ තව ඈතට යනවද..
රෝජා නුඹයි ආලෙ මාගේ..

ආකාසයෙන් ආ ලඳේ..
දෙව්දූකවන් රූපෙ මාගේ..
දෝරේ ගලයි ආදරේ..

මේ රැය නුඹ මා ළඟ නැති හන්දා..
නුඹ ගැන මතකය සිහිනෙක රන්දා..
මා තනියම වින්දේ..

මේ රැය නුඹ මා ළඟ නැති හන්දා..
නුඹ ගැන මතකය සිහිනෙක රන්දා..
මා තනියම වින්දේ..",Dhanith Sri,Dhanith Sri,Dhanith Sri,Alokawarsha,2021,ආකාසයෙන් ආ ලඳේ..,Heavenly girl,Girl,Angel
Sabandini,"සබඳිනී මා ඔබේ//
රතදර කෝඩුකාර
කරමින භාරහාර
දින ගැන ගැන හිඳිමි
සබඳිනී මා ඔබේ//

රාමුවකට ගන්න දෙනවදෝ 
ඔය හිනාව//
නෙළුම් තුඩු වටා 
ඇන්ද නිය රටා
සළු පටින් වසා
ඉන්නම් හීන බලබලා
සළලාන මාගෙ 
හීනේ පාට ඇහිරිලා
හනි හනික එන්න
හීනේ පාට ඇහැරිලා...

ඔබගේ ආලෙන් 
දුන්නු ඒ නිධානෙන්
දින ගැන ගැන හිදිමි
සබඳිනී මා ඔබේ//

පාද සළඹෙ ගිගිරි පාළුවෙන් 
හනික එන්න//
නෙළුම් තුඩු වටා
ඇන්ද නිය රටා
සළු පටෙන් වසා
ඉන්නම් හීන බල බලා 

සළලාන මාගෙ
හීනේ පාට ඇහැරිලා
හීනේ පාට ඇහිරිලා...

අටවෙනි ස්වරය ඔබද
ඔබ ළඟ ළගම නේද?
දින ගැන ගැන හිදිමි
සබඳිනී මා ඔබේ//

නින්ද නේන රැයක පිපුණු
කුමුදු සුවඳ ඔබගෙ නේද?
නින්ද නේන රැයක පිපුණු 
කුමුදු සුවඳ මගෙම නේද?",Abhisheka Wimalaweera,Abhisheka Wimalaweera; Pranirsha Thyagaraja,Gimhana Komangoda,NA,2022,නෙළුම් තුඩු වටා ඇන්ද නිය රටා,Paint on finger nails,Finger nails,Flower pods
Sandaganawa,"උදුල තරු මේ අහස් තලයෙන් වසන් වී වාගේ..
මාර සේනා හදට කැන්දන යාමෙ ලං වූයේ..
මේඝ වර්ශා ගලා හැලුනේ සේද යහනාවේ..
දෝරෙ යන මේ හැගුම් ගoගා ඔහේ සැලුනාවේ..

සදගනාවට සදලුතල සිප.. සුව දෙන යාමයේ..
උණුහුමේ ගිරි තුඩට මීපැණි.. ගෙනේවී රාත්‍රියේ ආයේ..

කාලෙකින් මං ආවෙ නැත්තේ පහල ගං තීරේ..
ඉවුරු තල සිප ගන්න අවසර දේද හිත කීවේ..
ගෙවී යන මේ භවේ; ජීවිත ගානෙ සංසාරේ…
මගෙම වී පතිනිය නුඹේ දිවි ගෙවේවා නිබදේ..

සදගනාවට සදලුතල සිප.. සුව දෙන යාමයේ..
උණුහුමේ ගිරි තුඩට මීපැණි.. ගෙනේවී රාත්‍රියේ ආයේ..",Dhanith Sri ,Dhanith Sri ,Dhanith Sri,NA,2019,මාර සේනා හදට කැන්දන යාමෙ ලං වූයේ,Felt my heart fire up,Feeling in chest,An army
Sandawan Ruwin,"සඟවන් රුවින් සාර ආශා හැඟුම් ගේන
තරුවන් නුවන් බාර නාරී ගමන් තාල
දුටුවන් වශී වූව ශෝභා වතින් කෝල
නෙක මල් පැතුම් හීන සේයා ලදුන් ගේන

නෙත් යාය මත්වීය සිත බෝම ගැස්සීය
දුටුදා ලදුන් රෑන දෙව්ලොව මතක්වීය
සෘංගාර රෑ පේන තරු සේම දිලිසීය
යනෙනා ගමන් තාල ගෙනදේ හැඟුම් ලෝල

Instruments

ඉඟ සුඟ පා සුරගන රූ වත
උතුරන ආශා රෑ පුරා
රූ වරුනා කළඹන මේ සිත
ඉඟ සුඟ වා වත මලරූබරින්

නෙත් යාය මත්වීය සිත බෝම ගැස්සීය..
දුටුදා ලදුන් රෑන දෙව්ලොව මතක්වීය..
සෘංගාර රෑ පේන තරු සේම දිලිසීය..
යනෙනා ගමන් තාල ගෙනදේ හැඟුම් ලෝල..
Could you be the most beautiful girl in the world
Cause Girl you’re my precious than diamonds in Pearls

I just can’t describe it
I ain’t got the words

Your are my number one
I’ll always put you first

My lady so the perfect soulmate
You’re beauty is divine you’re heart I wont break
I’m gone be there for you good and the pain
You’re my destiny you’re part of a greater plan

රූ නාරියේ ඉදුරන් සිත්තමේ
මා මන කළඹනා
තරු අකාහේ රෑ තරු වාගේ
වත දිදුලනා

නෙත් යාය මත්වීය සිත බෝම ගැස්සීය
දුටුදා ලදුන් රෑන දෙව්ලොව මතක්වීය
සෘංගාර රෑ පේන තරු සේම දිලිසීය
යනෙනා ගමන් තාල ගෙනදේ හැඟුම් ලෝල

නෙත් යාය මත්වීය සිත බෝම ගැස්සීය
දුටුදා ලදුන් රෑන දෙව්ලොව මතක්වීය
සෘංගාර රෑ පේන තරු සේම දිලිසීය
යනෙනා ගමන් තාල ගෙනදේ හැඟුම් ලෝල
නෙත් යාය මත්වීය සිත බෝම ගැස්සීය
දුටුදා ලදුන් රෑන දෙව්ලොව මතක්වීය
සෘංගාර රෑ පේන තරු සේම දිලිසීය
යනෙනා ගමන් තාල ගෙනදේ හැඟුම් ලෝල",Shehan Galahitiyawa,Harsha Dhanosh & Raveen Kanishka ft Randhir,Nimesh Kulasinghe,NA,2017,ඉඟ සුඟ පා සුරගන රූ වත,Beautiful girl,Girl's appearance,Angel's appearance
Sandawathiye,"සදවතියේ…
ඔබ මගේම යයි කියා..ලා…
මං අහස බලා උන්නා…
අහස බලා උන්නා…

ඇසිපිය හෙලනා…
ඒ සුලු මොහොතේ පවා…මා…
වළාකුලට ඔබ මුවා වෙලා…
ඇයි මගේ සදවතියේ…

සදවතියේ…
ඔබ මගේම යයි කියා..ලා…
මං අහස බලා උන්නා…
අහස බලා උන්නා…
ඇසිපිය හෙලනා…
ඒ සුලු මොහොතේ පවා…මා…
වළාකුලට ඔබ මුවා වෙලා…
ඇයි මගේ සදවතියේ…

රැදෙන්නෑ…මා… නෙත් මානයේ…
නිවෙන්නේ…ඇයි මේ යාමයේ…
මා… රිදවනු ඇයි…
මා… හඩවනූ ඇයී…
සදවතියේ ඇයි මා… තනිකෙරුවේ…

සදවතියේ…
ඔබ මගේම යයි කියා..ලා…
මං අහස බලා උන්නා…
අහස බලා…

ඇසිපිය හෙලනා…
ඒ සුලු මොහොතේ පවා…මා…
වළාකුලට ඔබ මුවා වෙලා…
ඇයි මගේ සද…වතියේ…….",Nandana Wickramage,Charitha Attalage; Ridma Weerawardena,Charitha Attalage,Dura Akahe Master Collection by Charitha Attalage,2017,සඳවතියේ ඔබ මගේමයයි කියාලා ,You lighten up my life when dark,Girl,Moon
Sansarayak Tharam,"ස්වප්න අනන්තේ හිඳිනා මිහිරාවි මගේ
හද ගැඹුරේ සරණා පෙම් හුස්මයි ඔබ මාගේ
සංසාරයක් තරම් දිගයි අපෙ ආදරේ
සංසාරයක් තරම් දිගයි අපෙ ආදරේ

නොරිස්සුම් සුසුම් උතුරනා ආඩම්බරී
සියුම් තැන් පවා ඇවිලුවා හදවතේ
ඇස් හැප්පිලා ඉහිරුනේ ආදරේ
සංසාරයක් තරම් දිගයි අපෙ ආදරේ
සංසාරයක් තරම් දිගයි අපෙ ආදරේ

හැඟුම් අනන්තෙක ගුලිවී පපුතුරේ
ආදරෙන් ළං වෙලා සිපගත් මොහොතේ
කල්ප අනන්තෙට විහිදුනා ආදරේ
සංසාරයක් තරම් දිගයි අපෙ ආදරේ
සංසාරයක් තරම් දිගයි අපෙ ආදරේ

හොහෝ… හොහෝ… අපේ ආදරේ",Dilan Devinda,Nadeemal Perera,Ashan Fernando,NA,2019,නොරිස්සුම් සුසුම් උතුරනා ආඩම්බරී,Causing heart to beat faster,Breathing faster,Overflowing breaths
Sansaraye Ma,"සන්සාරයේ මා…
හමුවී තියේ… දෝ…
දෑසේ හිනාවේ…
මා මත් වුනා දෝ…

මේ හුදකලාවේ…
සී…තල සැදෑවේ…
ඔබ හමුවුනේ මා…
ගංතීරයේ නේ…

මේ මල් තුරුල්ලේ…
ඔබ මල් කිරිල්ලියේ…
මගේ…සිනා..වේ…
අද රෑ වුනාවේ…
හෙට එළිවුනාවේ…
මිහිරේ…යලි හමුවේ දෝ…

මල් පවා…
ගැස්සිලා…
ලං වී බලාවී…

අප සොයා…
අද රැයේ…
තරු රංචු ගැසේවී……

සුරංගනාවියක්ම දෝ…
මලින් උපන් ලියක්ම දෝ…
තනිවී කිම දෝ…
අසමි සමාවී…

සුරංගනාවියක් නොවේ…
මලි උපන් ලියක් නොවේ…
සොදුරු හැගුම් ඇයි…
සගවන්නේ මා…

මේ සංසාරේ…
රන් රස සේමා…
පෑහී…සැමදා…
ආදරේ…පෑවා…

ඇලේ දොලේ…
විලේ ජලේ…
ඉරේ හදේ…
ගහේ වැලේ…
ගැයුනේ අපගේ…
ප්‍රේම උදානේ…

ඔබේ නුවන්…
දිහා බලා…
කියන්න බෑ…
අහන්නේපා…
ආලහැගුම් ඇයි…
සගවන්නේ මා…

මේ මල් යායේ…
මල් පෙති… ගානේ…
ලියවේ…
අපගේ…
ආදරයේ…ගීතේ…

සංසාරයේ මා…
හමුවී තියේ.. දෝ…
දෑසේ.. හිනාවේ…
මා මත් වුනාදෝ…

මේ හුදකලාවේ…
සීතල සැදෑවේ…
ඔබ හමුවුනේ මා…
ගංතීරයේ මේ…

මේ මල් තුරුල්ලේ…
ඔබෙ මල් කිරිල්ලියේ…
මා…සිනා..වේ…

අද රෑ වුනාවේ…
හෙට එළිවුනාවේ…
මිහිරේ…
යලි හමුවේ දෝ…

මල් පවා…
ගැස්සිලා…
ලං වී බලාවී…

අප සොයා…
අද රැයේ…
තරු රංචු ගැසේවී…

නුඹ නා මෙනෙවී මම සැළලිහිණි
පණිවිඩය අරන් රැගෙන යමි
මේ කැළණි නදී අසබඩ තුරෙහී
සැනහී හිඳිමින් ගිම් නිවමී

ගිම් නිවමී

මනරම් නා මෙනෙවී
මේ ලවැලී තලේ
හිඳ මිණි වෙණ තත්
මැද රුවට රුවේ

ගයනා ගී මියුරු සරේ
මේ ලවැලි තලේ
මෙහෙවරත් මගේ
මට අමතක වේ
මේ ලවැලි තලේ
මෙහෙවරත් මගේ
මට අමතක වේ

නිල් වරල සදා
කඩුපුල් මලිනා
දිගු නීල නුවන්
දෙපසා ඉසිනා

විඳිනා ඔබ රූ
රූ සිරිය අගේ
සැළලිහිණි උනේ
පෙර පවට මගේ
රූ සිරිය අගේ
සැළලිහිණි උනේ
පෙර පවට මගේ

නුඹ නා මෙනෙවී මම සැළලිහිණි
පණිවිඩය අරන් රැගෙන යමි
මේ කැළණි නදී අසබඩ තුරෙහී
සැනහී හිඳිමින් ගිම් නිවමී

ගිම් නිවමී",Chandrasena Thalangama,Ridma Weerawardena; Anu Madhubhashinie,Charitha Attalage,NA,2017,ඔබ මල් කිරිල්ලියේ…,You are beautiful,Girl,Bird
Seema,"මොහොතක් දැවටී මාව සිඹිනා
සුළගක් ඇවිදින් මා සොයා
හුරු වේදනා සාදලා
දුර යාවී දැන් මා දමා

නොරැදී බිදුවක් ඈත ඇදෙනා
නුඹගෙන් සැනසුම් කෝ කියා
හිත පෑරෙනා රෑ පුරා
තාමත් මං හොයනවා

සීමා බිඳදාලා සිසිරා සිසිරා
එනවා නම් මා සොයලා සොයලා
කඳුලැල් මල් මාලා ගොතලා ගොතලා
පිසඳා ගන්නම් සිතාලා සිතාලා

ඉහිලුම් සෝ සුසුමන් රිදුමන් එහෙනම් නෑ
හීනෙන් පුරා
ඔබ හා මා

රිදවූ මතකේ දෑස වසලා
කදුලක් ඇවිදින් මා සොයා
මගෙමැයි කියා කී කතා
දෙසවන් මත ඇහෙනවා

යහනේ තනිකම් හීන රිදවා
ඇවිලේ සුසුමන් මා දවා
හිත පෑරේනා රෑ පුරා
අරුතක් මං සොයනවා

සීමා බිඳදාලා සිසිරා සිසිරා
එනවා නම් මා සොයලා සොයලා
කඳුලැල් මල් මාලා ගොතලා ගොතලා
පිසඳා ගන්නම් සිතාලා සිතාලා

ඉහිලූ සෝ සුසුමන් රිදුමන් එහෙනම් නෑ
ඔබ හා මා සිසාරා සිසාරා
එනවා නම් මා සොයලා සොයලා
කඳුලැල් මල් මාලා ගොතලා ගොතලා
පිසඳා ගන්නම් සිතාලා සිතාලා

සීමා බිඳදාලා සිසිරා සිසිරා
එනවා නම් මා සොයලා සොයලා
කඳුලැල් මල් මාලා ගොතලා ගොතලා
පිසඳා ගන්නම් සිතාලා සිතාලා",Nisal Gamage,Kanchana Anuradhi; Rivindu Wanniachchi,Rivindu Wanniachchi,NA,2022,කඳුලැල් මල් මාලා ගොතලා ගොතලා,Crying,Tears,Necklace
Senehas Aware,"රෑ හීන ගානේ නුඹ පෙනේවී
හුස්මක් පවා දුර යයි සිතේවී
මා ආදරේ නුඹගෙන් දකීවී
සංසාරයේ හමුවී තියේවී

සෙනෙහස් අවාරේ කුලුදුල් තුෂාරේ
ඔබමයි ගෙනාවේ මගේ දිවිතුරා
අනුහස් විමානේ සිපගත් නුරාවේ
සදකැන් ගලා ඒ් හදේ ගිම් නිවා

මුදු වලා අතරේ පාවෙලා අප සිනා නිතර යාවෙලා
දැනෙන්නේ මේ ආදරය දෝ
විහගුනේ ගයන ගීතිකා උනුහුමේ විදින චාරිකා
ඔබ මැවුනේ මා වෙනුවෙන්ම දෝ

සෙනෙහස් අවාරේ කුලුදුල් තුෂාරේ
ඔබමයි ගෙනාවේ මගේ දිවිතුරා
අනුහස් විමානේ සිපගත් නුරාවේ
සදකැන් ගලා ඒ් හදේ ගිම් නිවා

හදවතේ මියුරු කාරණා නුඹ ගෙනා මතක පාරනා
කොදුරන් හදට ආරාධනා
නුඹ මගේ හිතම සාදනා ආදරේ අකුරු තෝරනා
ඔබමයි හීන හැබැහින් ගෙනා

සෙනෙහස් අවාරේ කුලුදුල් තුෂාරේ
ඔබමයි ගෙනාවේ මගේ දිවිතුරා
අනුහස් විමානේ සිපගත් නුරාවේ
සදකැන් ගලා ඒ් හදේ ගිම් නිවා",Sajith Akmeemana ,Supun Perera,Yasas Medagedara,NA,2022,හදේ ගිම් නිවා,Reduce emotional pain,Pain,Fire
Sepalikawo,"සේපාලිකාවෝ
නෑ තාම පායා
වැස්සක් වැටෙන්නේ
මල් මල් වාගේ
රන් තාරකාවෝ
නෑ පේන මානේ
රෑ බෝ වෙලා නෑ
සමුදෙන්නේ ඇයි
ඒ දෑස කීවේ
ශෘංගාර තාලෙන්
ලං වෙන්න නේදෝ
රෑ හීනයේ
හැන්දෑ වු යාමේ
ගං දෑල වාගේ දැන්
කෝලෙන් තැවේ නම්
යන්නම් ඉතින්
ප්රේමාතුර මා ළගින්
ඉන්නේ නම් ආදරෙන්
මං දෙන්නම් ජීවිතේ
ඔබේ නමින් ලියාලා
ප්රේමාතුර මා ළගින්
ඉන්නේ නම් ආදරෙන්
මං දෙන්නම් ජීවිතේ
ඔබේ නමින් ලියාලා
ඒ දෑස කීවේ
ශෘංගාර තාලෙන්
ලං වෙන්න නේදෝ
රෑ හීනයේ
හැන්දෑ වු යාමේ
ගං දෑල වාගේ දැන්
කෝලෙන් තැවේ නම්
යන්නම් ඉතින්
සංසාරේ මේ ලෙසින්
එන්නේ නම් අයෙමත්
මං ඉන්නම් මාවතේ
ඔබේ සුසුම් සොයාලා
සංසාරේ මේ ලෙසින්
එන්නේ නම් අයෙමත්
මං ඉන්නම් මාවතේ
ඔබේ සුසුම් සොයාලා
ඒ දෑස කීවේ
ශෘංගාර තාලෙන්
ලං වෙන්න නේදෝ
රෑ හීනයේ
හැන්දෑ වු යාමේ
ගං දෑල වාගේ දැන්
කෝලෙන් තැවේ නම්
යන්නම් ඉතින්",Himali N.Liyanage,Shehan Kaushalya,Shehan Kaushalya,NA,2018,සේපාලිකාවෝ නෑ තාම පායා,She isn't hear yet,Girl,Flower
Sonduru Siththam,"මුවගේ හස කැන් දිලුනේ
නෙතගේ කදුලැල් නිවුනේ
හදෙහී පැතුමන් පිපුනේ…
සැනසූ වදනින් දෙඩුවේ…

දසුනින් නොමැකී රැදුනේ…
රිදෙනා සිතමයි හැදුනේ…
නොබිදී සසරේ බැදුනේ…
ඇසුරේ ඔබමයි පැතුවේ…
එකසේ දෙහදක් පිදුනේ…

ආදරෙන් මා වෙලා…
සොදුරු සිත්තම්… යොදා…
සිහිනයක මා… තබා…
ඇරයුම්…කලා…

විකසිතව ලං…වෙලා…
සුවදකට මුසූ වෙලා…
රහස කොදුරා ගියා…
ඔච්චම්…කලා…

නොගැයූ කවියක් වාගේ…
නොලියූ පදවැල් මාගේ…
මේ දිවි ගමනේ…
ඔබගෙනි ඇසුනේ…
මතකේ රදවා…
සොදුරුම යාමේ…

හමනා පවනක් වාගේ…
සිසිලයි ඔබ ගෙන… ආවේ…
කතරට වැටෙනා…
පොද වැහි වාගේ
දෙහදක් පතලා…
සිත් මල් යාමේ…
පියමැන අපි යමු…
පැහැසර යායේ…

ආදරෙන් මා වෙලා…
සොදුරු සිත්තම්… යොදා…
සිහිනයක මා… තබා…
ඇරයුම්…කලා…

විකසිතව ලං…වෙලා…
සුවදකට මුසූ වෙලා…
රහස කොදුරා ගියා…
ඔච්චම්…කලා…",Chaminda Gamage,Charitha Attalage; Ridma Weerawardena,Charitha Attalage,Dura Akahe Master Collection,2017,මේ දිවි ගමනේ…,Journey of life,Life,Journey
Soya Awa,"සදා කාලේ මා; හදේ වීනා
මවා පෑ සිනා
මගේ හීනේ මා; සොයා ආවා
පැතූ සේ එදා
කොයිද උපමා; ලොවේ කිසිදා
අසා නෑ මා
හදේ ඇඳුනා; හිතේ රැඳුනා
ඔබේ රුව මා
මගේ ගීතේ මා; එදා කීවා
හදේ පෑරෙනා
ඔබේ දෑසේ ගී පොතේ වූ වා
මගේ චේතනා
ඇයි ද ගොලු වී; බලා නොබලා
සිනා පානා
සොයා ආවා; සොයා ආවා
එදා මෙන් මා
දෑසේ ලා සඳ රේඛා
සිසිලේ නෑ වේවා
මුහුනේ ගෑ ආලෙපේ
සොඳුරේ මා වේවා
ඉතිරේවා; සැමදා සෙනේ
මා පැතුවා හදින්; සමාවී අසන්
අඳුරේ මා නොහෙලා ඉතින්
සිනා පා ඉඳින්; සදා මා ළඟින්
මගේ ගීතේ මා; එදා කීවා
හදේ පෑරෙනා
ඔබේ දෑසේ ගී පොතේ වූ වා
මගේ චේතනා
ඇයි ද ගොලු වී; බලා නොබලා
සිනා පානා
සොයා ආවා; සොයා ආවා",Chandrasena Thalangama,Charitha Attalage; Ridma Weerawardena,Charitha Attalage,Dura Akahe Master Collection by Charitha Attalage,2017,හදේ වීනා මවා පෑ සිනා,My heartbeat implies that I'm happy,Heartbeat,Violin
Swarnapaliye,"දොරමඬලේ
ගිණිවැදුණේ
තුන් හිතේ ගින්දරායි
දෙයියෝ
සංසාරේ දුර ආවේ තනියෙන්ද මා
ඒ පාර සරසන්න මල් පිපුණේ නෑ
වස්සානෙ ගිම්හානෙ උන්නේද මා
ඒ වෙනස මට දැණුනෙ නෑ
කාලයේ බින්දු හේඩාවේ
පාළුවේ අන්ධ මායාවේ
ආදරේ උරුමයද මම හෙව්වෙ
ස්වර්ණපාලියේ
වංශයේ ධීර ධාරාවේ
අන්තයේ ඈත සේයාවේ
ආදරේ උරුමයට මට දුන්නු
ස්වර්ණපාලියේ
ළැම ගින්න හිත පල්ලෙ ඇවිලී ගියා
පොද වැස්ස සංසාර ගිණි නිව්වෙ නෑ
රජ ඉසුරු සරසන්න පිළිවෙත පුරා
මං ගාව ඔබ උන්නෙ නෑ
කාලයේ බින්දු හේඩාවේ
පාළුවේ අන්ධ මායාවේ
ආදරේ උරුමයද මම හෙව්වෙ
ස්වර්ණපාලියේ
වංශයේ ධීර ධාරාවේ
අන්තයේ ඈත සේයාවේ
ආදරේ උරුමයට මට දුන්නු
ස්වර්ණපාලියේ
දොරමඬලාවට යන්න පියඹාගෙන
එන්න සැරිසරන්න පඬුඅබා
කථා වස්තුව මුල සිට අගට මෙන්න
භද්දකච්චායනා කුමරි පඬුවස්දෙව් රජ
මහේසිකාවි වදාපි කුමරුන් දස දෙනෙකි
එකොළොස් වැන්නි චිත්රා දේවි එක්ටැම් ගේක
දීඝ ගාමිණීට දාව උපදින කුමරු මැරුමට
මාමාවරුන් පැමිණ වැදුම්ගෙට බලන කල
කුමරියකි චිත්රා ළඟ කුමරු නොව
කුමාරයෙක් ලැබුණොත් චිත්රාවට
මාරක අපලයි මාමාවරුන් දසදෙන හට!
දසතින් සේනා පිරිවරාගෙන පැමිණ
මරති පුංචි කොලු ගැටව්
දිය කෙලින කුමරු ගස් බෙනයක
සැඟව නරඹ නිහඬව හඬමින්
මිතුරු ලෙය දෑතට ගෙන සිතමින්
""මව්බිම මම සුරකිමි.
මව්බිමේ උරුමයට කැපවෙමි""
සුරතින් අසිපත දරාගෙන අධිඨන ගෙන ගියේ
සිංහනාද පතුරවමින් හෙළය ජයගනිමින්!!!
අසිපතේ තැවරුණේ ප්රේමයයි
උන්මාදිනියේ
මා ළයේ
වැගිරුණේ ස්නේහයයි
දොරමඬල ගිනිබත් වී
එ ගිනි කඳ හද පත් වී
ආදරේ උරුමයට මට දුන්නු
ස්වර්ණපාලියේ
ස්වර්ණපාලියේ
ස්වර්ණපාලියේ
ස්වර්ණපාලියේ
ආදරේ උරුමයට මට දුන්නු
ස්වර්ණපාලියේ",Jackson Anthony,Sajitha Anthony; Sanuka,Sanuka Wickramasinghe,NA,2017,තුන් හිතේ ගින්දරායි දෙයියෝ,Feeling distress,Distress,Fire
Sweety Manika,"කලු නෝටි කෙල්ල
ස්විටි මැණික මාගේ
මං ඔන්න ආවා
උම්මා උම්මා ඕනේ
කලු නෝටි කෙල්ල
ස්විටි මැණික මාගේ
මං ඔන්න ආවා
උම්මා උම්මා ඕනේ
අයිම් යුවොර් ස්විට් මැණකේ
අයිම් යුවොර් ස්විට් මැණකේ
උබ නැති දිපේ
රස නෑ නෝනේ
තුරැලට පැනපන් මාගේ
පපුවම මාගේ ගින්දර වගේ
මං හරි හැන්සම් නෝනේ
රෝමියෝ ජුලියට් වාගේ අපි දෙන්නා
මයේ කලු කෙල්ලේ
ආදරේ දල්ලේ
උබ මගේ පණ මයි හිතුනා
කලු නෝටි කෙල්ල
ස්විටි මැණික මාගේ
මං ඔන්න ආවා
උම්මා උම්මා ඕනේ
කලු නෝටි කෙල්ල
ස්විටි මැණික මාගේ
මං ඔන්න ආවා
උම්මා උම්මා ඕනේ
මල් මදහාසේ උතුරයි දෑසේ
ලෝකෙට රහසේ ඉඳපං පහසේ
මල් මදහාසේ උතුරයි දෑසේ
ලෝකෙට රහසේ ඉඳපං පහසේ
කෝ.කිස් අවුරැදු
මේ මිස් අතේ නෝ මුදු
එනවද මගේ ළඟට
වස්තු හඳහන් බලලා හදමු පෝරැ
ඉෆ් ඉට්ස් මහත පිට්ටු
සාරි ඇඳලා දාලා වලළූ ශෝටි මැණික නටනවා
වම් අත අල්ලා දුන්නා තොත්තු
අඟුරැ වලට ළඟම පාට කලුලු
ඉට වඩා මගේ මැණක සුදුලූ
මටම කැපෙන හොට් ම පාට තලෙළූ
කියන්නේ මං විරිඳු
කලු නෝටි කෙල්ල
ස්විටි මැණික මාගේ
මං ඔන්න ආවා
උම්මා උම්මා ඕනේ
කලු නෝටි කෙල්ල
ස්විටි මැණික මාගේ
මං ඔන්න ආවා
උම්මා උම්මා ඕනේ
මල් මදහාසේ උතුරයි දෑසේ
ලෝකෙට රහසේ ඉඳපං පහසේ
මල් මදහාසේ උතුරයි දෑසේ
ලෝකෙට රහසේ ඉඳපං පහසේ
ලල ලාල ලාල ලාල ලාල ලාලා
අයිම් යෝ එව ලවින් ස්විටි මැණකේ
අයිම් යෝ එව ලවින් නෝටි කෙල්ලේ
ඔබේ ආදරේ නෝටි කෙල්ලේ",Sampath Fernandopulle,Iraj Weeraratne; Infaas; Kaizer Kaiz,Iraj,NA,2014,ආදරේ දල්ලේ,Love,Love,Leaf
Thaniyama,"රාත්‍රියට ඇති අරුමය කිමැයි සිතා;
බලා සිටියා මම තනියම අහස දිහා;
අන්ධකාරේ පහසක තුරුළු වෙලා;
හඳ එලිය වින්දේ තනියම;
තරු ගනන් කෙරුවේ තනියම;
ඉන්න බැරි තැන එකම මොහොතක;
ඔබ මතක්; කෙරුවේ තනියම;

ආත්ම දහසක උරුමය ඔබයි සිතා;
බලා හිටියා තව භවයක් ඇතයි කියා;
මං මුලාවූ හැඟුමක තුරුළු වෙලා;
ගව් ගනන් දුර ආවේ තනියම;
දින ගනන් කෙරුවේ; තනියම;
එදින නොඑනා බවද දැනගෙන;
කඳුළු බිඳුවක්; වැටුනේ තනියම;

රාත්‍රියක ඇති අරුමය කිමැයි සිතා;
බලා හිටියා අපි දෙතැනක අහස දිහා.",Methun SK,Methun SK; Kanchana Anuradhi,Methun SK,NA,2020,අන්ධකාරේ පහසක තුරුළු වෙලා,Being in the comfort of darkness,Hugging darkness,Staying in darkness
Therunado Wisal Adare,"තේරුනාදෝ විසල් ආදරේ
පෑරි මිදුනා සුසුම් ආකහේ
සඳ නිවුනා සුපෙම් ජීවිතේ
පෑරුනාදෝ ඔබත් මා වගේ..

දෑස රුව අහසේ පායා
දෑස මත සේදී සේයා
සිත සිරවී සොයයි ආදරේ
රිදුනි සිත රහසේ පාරා
කඳුළු පිනි දෑසේ රූරා
සිහින ගානේ සොයයි ආදරේ..

ලං වෙවී වෙන් වුනි
පෑරුනි... තේරුනි...
පාරා සිතින් මා සදා
ආදරේ මාරුතේ 
වෑහුනි... පාවුනි..
වෙන්වී හැගුම් දී ඈ ගියා..
සිහින ගානේ සුපෙම් වී තියා
දෑස මානේ වහන් වී ගියා

දෑස රුව අහසේ පායා
දෑස මත සේදී සේයා
සිත සිරවී සොයයි ආදරේ
රිදුනි සිත රහසේ පාරා
කඳුළු පිනි දෑසේ රූරා
සිහින ගානේ සොයයි ආදරේ..",Shehan Galahitiyawa; Ayodhya Fernando;Sajith Akmeemana,Yasas Medagedara,Yasas Medagedara,NA,2022,"කදුළු පිනි දෑසේ රූරා
ආදරේ මා රුතේ","Tearing up
Journey of love","Tears
Love","Dew
Road"
Udurawee,"සබඳේ පැතුවා සේ
හමුවේදෝ ආයේ……..

කුණාටුවක හසුවී මගේ සිත
ඇදී තිබේ නොමැකීම
ඇගේ රුව අ හහ්
ඇගේ රුව අ හහ්

මේ සැඳෑවේ ගං තෙරේදී
රන් රුවේ මා නුඹ දකීවී
හීන ගානේ මා ඇදේවී
චන්ද්‍රයාමේ නින්ද නේවී

උදුරාවී මාගේ ආලේ
මැවු හීනේ නුඹ නොවෙදෝ අනේ
මා හදේ නුඹේ රුව නොමැකේදෝ ආයේ

නලල කුංකුම රූ අඳීවී
හාදු අමුනා ගෙල බදීවී
ස්නේහ වර්ශා වැටෙන වේලේ
දමා යනු බෑ සඳේ වෙන්වී

උදුරාවී මාගේ ආලේ
මැවු හීනේ නුඹ නොවෙදෝ අනේ
මා හදේ නුඹේ රුව නොමැකේදෝ ආයේ

කුණාටුවක හසුවී මගේ සිත
ඇදී තිබේ නොමැකීම
ඇගේ රුව අ හහ්
ඇගේ රුව අ හහ්",Kanchana Anuradhi,Kanchana Anuradhi,Dhanith Sri,NA,2020,"කුණාටුවක හසුවී මගේ සිත ඇදී තිබේ නොමැකීම
ස්නේහ වර්ශා වැටෙන වේලේ","I can't forget her face
When I'm getting love","Storm
Love","Falling in love
Rain"
Unmada Prema Geeya,"උන්මාද ප්‍රේම ගීය
ඇසෙන්නා
ගිම්හාන රෑක ඈත මුමුනා
තරු ඇස් වලින් සගවා
තුරු පත් පවා නොසලා
කොයිබින්දා ඒ ගී මෙදා

උන්මාද ප්‍රේම ගීය
ඇසෙන්නා
ගිම්හාන රෑක ඈත මුමුනා
තරු ඇස් වලින් සගවා
තුරු පත් පවා නොසලා
කොයිබින්දා ඒ ගී මෙදා

උන්මාද ප්‍රේම ගීය
ඇසෙන්නා
ගිම්හාන රෑක ඈත මුමුනා
තරු ඇස් වලින් සගවා
තුරු පත් පවා නොසලා
කොකොයිබින්දා ඒ ගී මෙදා

කොහිද යන්නේ ඔයා පද්ද පද්ද
මේ වටපිටේ ඇස්වල වද්ද වද්ද
උඹේ ආලේ නැතුව මාව කැඩිලවත්ද
මගේ හදවත දාන්නේ දැන් සද්ද බද්ද
මේ හීන රඟහලක් කරන්නට තෙයියත් තා
තිබු අඩියක් ගානේ මාව ගිනි ගත්තා
තටු ස්වල්පයක් ගහලා ඔයා මාව රවටා
කල්පයක් මාව තියාගන්න ඉන්න දෙයියම්පා දෙයියම්පා

හන්තාන වැස්සේ
උනුහුමක් ඔස්සේ
අපි එදා මිමිනූ
ගීයයි මෙදා ඇසුනේ

මතකයන් අස්සේ
හිත තාම ගැස්සේ
අපි එදා තෙපලූ
ගී යයි මෙදා
ඇසුනේ

උන්මාද ප්‍රේම ගීය
ඇසෙන්නා
ගිම්හාන රෑක ඈත මුමුනා
තරු ඇස් වලින් සගවා
තුරු පත් පවා නොසලා
කොයිබින්දා ඒ ගී මෙදා

ප්‍රේම ගීය ඇසෙන්නා
ප්‍රේම ගීය ඇසෙන්නා
ප්‍රේම ගීය ඇසෙන්නා

කල්පයක් තිස්සේ
සිතිවිල්ල ඔස්සේ
දැවටෙනා පෙම් ගී
ඇයි මේ වගේ ඇසුනේ

සිහිලැල්ල අස්සේ
හාදුමල් වැස්සේ
හීනයක් තැවරූ
ආදරය දැන් ඇහැරේ

උන්මාද ප්‍රේම ගීය
ඇසෙන්නා
ගිම්හාන රෑක ඈත මුමුනා
තරු ඇස් වලින් සගවා
තුරු පත් පවා නොසලා
කොඉබින්ද ඒ ගී මෙදා

උන්මාද ප්‍රේම ගීය
ඇසෙන්නා
ගිම්හාන රෑක ඈත මුමුනා
තරු ඇස් වලින් සගවා
කොයිබින්දා ඒ ගී මෙදා
කොයිබින්දා ඒ ගී මෙදා
කොයිබින්දා ඒ ගී මෙදා",Nilar N Cassim,BnS; Yohani; Kaizer Kaiz,Chamitha Cooray,NA,2021,තරු ඇස් වලින් සගවා,Hiding the love in eyes,Eyes,Stars
Unuhuma 2 | Husmath Unui,"ආරාධනා නෙතගින් ගෙනා
සංසාර සිහීනේ දෙහද යා කරා
හංගා ගෙනා මල් අතුරලා
දෙව්ලිය මගේ කොහෙද හැංගිලා
ඔය දෙකොපුල් තෙමා රන් නා දලු සිඹිම්
මම දෙනුවන් වසා නුඹ අහසින් වඩ්ම්

සන්සුන් සිතින් පෙර මග ඉමි බලන්
මගේ රණහංසි ඒදෝ කියා
දෙව්ලොව ඉඳන් නුඔ මට අත වනම්
මගේ පතිනියනි ආදරේයිනෙ මා

හුස්මත් උණුයි කඳුළුත් හඬයි
මට ඉන්න බෑ හරිම පාලුයි
මතකය නුඹයි එතකොට දුකයි
දිවිගෙවෙනවාදෝ හරි සැකයි
මේ කුලු මතින් රිදී ඉර නුඹයි
මං දන්නවා නුඹ නොඑනා හැඩයි

සන්සුන් සිතින් පෙර මග ඉමි බලන්
මගේ රණහංසි ඒදෝ කියා
දෙව්ලොව ඉඳන් නුඔ මට අත වනම්
මගේ පතිනියනි ආදරේයිනෙ මා",U Prageeth Rajapaksha,Tehan Perera,Ashan Fernando,NA,2015,"ඔය දෙකොපුල් තෙමා
රන් නා දලු සිඹිම්","Crying
Kiss eyelids","Eyes
Eye lids","Flowers
Leaves"
Vaadaa Machan,"Jaffna stallions
Jaffna boys

Jaffna stallions
Jaffna boys

කාලේ හොදයි දැන්
වාඩා මචා

බෝලෙ කැපෙයි දැන්
ගහමු මචා

මල්වෙඩි වැස්සේ
නටමු දැන්

බෙරහඩ මැද්දේ
දුවමූ
දැන් ඒ කාලේ තමා

කාලේ හොදයි දැන්
වාඩා මචා

Jaffna stallions
Jaffna boys

යෝකර් මැද්දේ
පපුව ගැහෙන්නේ
ඉවසන් හිටියොත් දිනුම නේ

අපේ හැගුම නේ
ක්‍රිකට් පණ වගේ
සිංහ ධජය දැන් දිලෙන්නේ

කාලේ හොදයි දැන්
වාඩා මචා

Jaffna boys",Manuranga Wijesekara; NST,La Signore; Dinesh,La Signore,NA,2020,පපුව ගැහෙන්නේ,Beating heart,Beating heart,Shivering
Viraga Ragaya,"විරාග රාගය අතරේ තනි වූ ආලය
විරාම දෙයි එක් හදකට උදා පරාජය
විරාග රාගය අතරේ තනි වූ ආලය
දුරලයි තනිකම ලබමින් මගේ සරාගය


ඔබ අඩවන් නෙතු කරමින් ඈ නතු
ඇගේ පහන් ලොව ඈ මනසින් බිඳහල දා
ඈ මුකුලිත වූවා

කර ගනු ඈ සතු නොරිසි ඔබේ සිතු
ඈතින් ඔබේ මුණිවර මනසින් පෙම්කළ දා
ඈ අසරණ වූවා


විරාග රාගය අතරේ තනි වූ ආලය
විරාම දෙයි එක් හදකට උදා පරාජය
විරාග රාගය අතරේ තනි වූ ආලය
දුරලයි තනිකම ලබමින් මගේ සරාගය


නුරා එගිනි දළු ඈ දවමින් ගෙතු
සලෙල ගීතයට ඈ තනුවක් කර ගත් දා
ඈ ලොව අහිමි වුණා

ඔබේ මිලින ගති ඇයට නොවේ රිසි
පෙමින් තොරව ඇගේ දිවිය කතරක් වූදා
ඈ මවෙතට ආවා


විරාග රාගය අතරේ තනි වූ ආලය
විරාම දෙයි එක් හදකට උදා පරාජය
විරාග රාගය අතරේ තනි වූ ආලය
දුරලයි තනිකම ලබමින් මගේ සරාගය",Bandhula Nanayakkarawasam,Amal Perera; Amarasiri Peris,Suresh Maliyadda,NA,2018,පෙමින් තොරව ඇගේ දිවිය කතරක් වූදා,Her life was empty without love,Life without love,Desert
Viramaye,"ක්ෂිතිජය මායිමේ
පාමින් සිත් රටා
ඈතින් සිහිනයේ ගිලෙනා

දිනයක හමුවෙනා
දිනයක වෙන්වෙනා
හීනෙක ජීවිතේ තවරා

මතකේ ඈත ඉවුරේ
යාවී පෙනෙන්නේ
මේ හීනේ විරාමයයි

දිනයක හමුවෙනා
දිනයක වෙන්වෙනා
හීනෙක ජීවිතේ පවරා

අහසට ලංවෙලා
සයුරට ලංවෙලා
මා හදේ ඇදි රූ රටා

ක්ෂිතිජය මායිමේ
දිනයක හමුවෙනා
හීනෙක ජීවිතේ තවරා

ඒ විරාමයේ හමුවී නැවතී
හිත සොරා ගත්තාදෝ දැනුනී
ඒ විරාමයේ හමුවී නැවතී
හිත සොරා ගත්තාදෝ දැනුනී",Thilina Boralassa,Ridma Weerawardana,Ridma Weerawardena,NA,2022,හිත සොරා ගත්තාදෝ දැනුනී,Felt like falling in love,Stealing,Falling in love
Visekari,"Here me Rude Bwoy sing
Brand new fi di island again
Ya don't know
Right across the world
And to the nation
Darling; darling you look so pretty to be alone
Only if you tell me can you be my own
Darling you look so pretty to be alone
Yo Bachi; you let the girls them know
අනුරාගී නුවන් හිමිකාරී
උන්මාදී හැඟුම් මට දේවී
සිපගන්නටදෝ ලංවී
විසේකාරී
ශෘංගාරී දෙතොල් නලියාවී
හැඩකාරී සැනින් මත්වේවී
සුරලෝකේ ඉඳන් ආවාදෝ
විසේකාරී
ඔය පුළුලූකුල සුදු නෙරියේ නැලවෙන රඟේ
හිත ඔබ ගාව නවතී වගේ
ඔය මුදු සුවඳ ළය මඩල පැද්දෙන විසේ
මගෙ නෙන් සැරය ඔබ තුරුලේ නේ
මායම් රූ නාරී විසේකාරී
සායං ගෑ දල්ලෙ රසේ දේවි
කෝලං පෑ දෑසේ රැඟුම් පාවි
හීලෑ නෑ ආලේ විසේකාරී
Watch me now
Slim body girl
Slim body girl
Telling all rude boys me and Bachi again again
Someone love you honey
Pretty girls them love your bunny
I wanna share my love every minute and secondary
My heart is beat just like a gold
Hard to get to hold her
For all the girls hmmmm... hmmmm...
There is no hesitation.
Your body my destination
It's me you looking for
Girl you my number one now
කවිකාරී තෙපුල් මුමුණාවී
සඳයාවී උකුල් සුවදේවි
අදහන්නට බෑ පුදුමය
විසේකාරි
මනලෝලි දසුන් ඉගිලේවි
ඳගකාරි සිතුම් උතුරාවි
ඔබ කාගේ කවුරුන්දෝ
විසේකාරි
ඔය පුළුලූකුල සුදු නෙරියේ නැලවෙන රඟේ
හිත ඔබ ගාව නවතී වගේ
ඔය මුදු සුවඳ ළය මඩල පැද්දෙන විසේ
මගෙ නෙන් සැරය ඔබ තුරුලේ නේ
මායම් රූ නාරී විසේකාරී
සායං ගෑ දල්ලෙ රසේ දේවි
කෝලං පෑ දෑසේ රැඟුම් පාවි
හීලෑ නෑ ආලේ විසේකාරී
දේදුන්නයි ඇ මා මුවැත්ති
ඔව් ඈ හරි රුවැත්ති
ඔබ මා මුදු හිතැත්ති විසේකාරි
ඔබ ලඟින් ගෙවි යන වසන්තේ
පෙම් හැඟුම් ගලායයි අනන්තේ
හිත මගේ අරන් හැංගෙන්නද
විසේකාරි
ඔය පුළුලූකුල සුදු නෙරියේ නැලවෙන රඟේ
හිත ඔබ ගාව නවතී වගේ
ඔය මුදු සුවඳ ළය මඩල පැද්දෙන විසේ
මගෙ නෙන් සැරය ඔබ තුරුලේ නේ
මායම් රූ නාරී විසේකාරී
සායං ගෑ දල්ලෙ රසේ දේවි
කෝලං පෑ දෑසේ රැඟුම් පාවි
හීලෑ නෑ ආලේ විසේකාරී
Good body yeah
Fun all the time when you do the bogle
Do the butterfly gyal lift me easy
Redfox Bachi alongside Rude Bwoy
Right across da world",Sampath Fernandopulle ,Bachi Susan; Rude Bwoy Shiraz,Pasan Liyanage,NA,2017,දේදුන්නයි ඇ මා මුවැත්ති,Beautiful girl,Girl,Rainbow
Wedikawe,"වේදිකාවේ
මේ රාත්‍රියාමේ
ඔබගැන මතකේ අවදිකලා

පාලු යාමෙ
මදුමූ පෙරෙන්නේ
මම නැති ලෝකේ
තනිවුන මා

ජීවිතේට නුඹ ආවා
දිනයේම ලංවෙන්න සිතුනාට

මෙ මා එක්ක
සිපගත්ත
සිපගන්න ගුලිවෙන්න
සිතුනත් මට

වේදනාවේ
මා හා ගෙවෙන්නේ
දෙනෙතින් තෙමී
කදුලැල් සලා

මං මුලාවේ
තනිවී තැවෙන්නේ
නුඹ නැති හීනේ උරුම නිසා

ජීවිතේට නුඹ ආවා
දිනයේම ලංවෙන්න සිතුනාට

මෙ මා එක්ක
සිපගත්ත
සිපගන්න ගුලිවෙන්න
සිතුනත් මට",Dhanith Sri,Dhanith Sri ,Dhanith Sri,Alokawarsha,2021,නුඹ නැති හීනේ උරුම නිසා,Because I'm destined for a future without you,Future,Nightmare
Yannam Mathaken,"සරා සදේ ලියා
මාගේ හීනේ

හදේ රැදී මා
ඒ ආදරේ මේ යාමයේ
යන්නම් මතකෙන් හැබැහින්
ආදරෙන්
යන්නම් මතකෙන් ආදරෙන්

තරුපායා තිබුනත් ‍රෑ
අහස පාලුවට ගිහින්
නුඹත් යන්න ගිහින් වත් දෝ
අමාවක වගේ

සදේ අහපන්
මේ රෑ යාමේ මාගේ අන්දරේ
සදේ සදේ නුඹ කොහිදයි කියපන්
මේ රෑ යාමේ මා තනියෙන් උන්නේ

සරා සදේ ලියා
මාගේ හීනේ

හදේ රැදී මා
ඒ ආදරේ මේ යාමයේ
යන්නම් මතකෙන් හැබැහින්
ආදරෙන්
යන්නම් මතකෙන් ආදරෙන්

සදේ ඉදපං
තව වරුවක්
ඇවිදින් ලගින්
සදේ සදේ නුඹ කොයිබද කියපං
මේ රෑ යාමේ මා තනියෙන් මේ ඉවුරේ

යන්නම් මතකෙන්",Thilina Boralessa  ,Ridma Weerawardena ,Thilina Boralessa,NA,2021,සදේ සදේ නුඹ කොහිදයි කියපන්,Where are you?,Girl,Moon
ZD8,"කොහොඹ කණුවේ රැහැයියො ඉන්නවා
උන් රෑ මගෙ තනිකම මකනවා
නුඹ තාමත් දොරකඩ ඉන්නවා දැනෙනවා

රෑ හීනෙන් ඇවිදින් ඉන්නවා
උඹ කකුලෙන් අදිනවා දැනෙනවා
මම දන්නේ නැතිවම කඳුලක් වැටෙනවා

ඒත් අසලින් ඇවිදින් ඉන්නවා
මට ඒ බව ඉඳහිට දැනෙනවා
නුඹ තාමත් ගෙපිලේ ඉන්නව හැඟෙනවා

රෑට හීනෙන් ඇවිදින් ඉන්නවා
නුඹ කෙනිත්තුවා මට දැනුනා
රැහැයියො නාඩන් හාමිනෙ තවමත් ඉන්නවා

සුදු පාටින් නෑ සිල් රෙදි කහ පාටට හැරිලා
සේපාලිකා මල් සංකාවෙන් තනියම පිපිලා
පිපුණු පැණිකොමඩු මල් එතැනම පරවී වැටිලා
මගේ පොඩී එකී තුන් මාසෙන් පසු ගම යනවා

ගේ මැද පාළුයි මතකය පෑරෙයි 
යන එන හැම තැන නුඹ මැවිල පෙනෙයි
ඉරිඟු හේන මහා ඔත්පල වෙනවා 
මගෙ ඇතින්නියේ නුඹ මහ ඇල අරගෙන යනවා

හතර පෝයට නුඹ සිල් ගන්නවා
උරබන්දිය විස්තර අහනවා
නුඹ තාමත් දොරකඩ ඉන්නවා දැනෙනවා

වැඳපු දෙවිවරු නෑ අද වඩිනවා
නුඹ මඟහැරලා උන් ඉන්නවා 
මම දන්නේ නැතිවම කඳුලක් වැටෙනවා

හවස් යාමෙට නුඹෙ කවි ඇහෙනවා
මම දෑස් වසාගෙන අහනවා
නුඹ තාමත් ගෙපිලේ ඉන්නව හැඟෙනවා

වැරදිකාරයෝ මුනිවත රකිනවා
දඬුවම් නැති බව උන් දන්නවා
නුඹ උදුරාගිය ඇල තවමත් ගලනවා

රෑට හීනෙන් ඇවිදින් ඉන්නවා
නුඹ කෙනිත්තුවා මට දැනුනා
රැහැයියො නාඩන් හාමිනෙ තවමත් ඉන්නවා",Kasun Edirisinghe,Charitha Attalage,Charitha Attalage,"Dura Akahe Master Collection by Charitha Attalage
Best of Charitha Attalage
Mahamaya - Memories of a Lifetime",2022,හවස් යාමෙට නුඹෙ කවි ඇහෙනවා,I hear the sound of the elephant in the evening like it's a poem,Sound of an element,Poem
Ahasayi Oba Mata,"අහසයි ඔබ මට නිම් හිම් නොපෙනෙන
ඉණිමං බඳිනු බැරී
පොළොවයි ඔබ මට
තරුවක් විලසට රෑකල පතිත වෙමි
අහසයි ඔබ මට නිම් හිම් නොපෙනෙන
ඉණිමං බඳිනු බැරී
පොළොවයි ඔබ මට
තරුවක් විලසට රෑකල පතිත වෙමි
ගඟේ වතුර නෑ ඉහලට ගලා ගියේ
අසිනි හඬින් නෑ කඳු බිම් සසල උනේ
ගඟ කවදා හෝ මුව දොර හමු වෙනවා
ලොව කැළඹුන දා කදුබිම් හැකිලෙනවා
අහසයි ඔබ මට නිම් හිම් නොපෙනෙන
ඉණිමං බඳිනු බැරී
පොළොවයි ඔබ මට
තරුවක් විලසට රෑකල පතිත වෙමි
අනාත සයුරට වැහි දිය දෝත ඔබයි
අගාධ අඳුරක දුල රන් සිළුව ඔබයි
ඔබ මට ලඟ බව ඉඳුරා මම දනිමී
ඔබ වට කහවනු පවුරට මහ දුරකි
අහසයි ඔබ මට නිම් හිම් නොපෙනෙන
ඉණිමං බඳිනු බැරී
පොළොවයි ඔබ මට
තරුවක් විලසට රෑකල පතිත වෙමි
අහසයි ඔබ මට නිම් හිම් නොපෙනෙන
ඉණිමං බඳිනු බැරී
පොළොවයි ඔබ මට
තරුවක් විලසට රෑකල පතිත වෙමි",Bandula Nanayakkarawasam,Sunil Edirisinghe,Rohana Weerasinghe,NA,2012,අහසයි ඔබ මට,You are important to me,Girl,Sky
Parasathu Kusmak,"පරසතු කුසුමක්‌ මා තුරුළට ආවා
ලෝකය මොහොතක්‌ නතර වුණා
දියණි දෙනෙත්‌ සැලුණා
අප යළිදු උපන්නා ඒ දියණි නිසා

උයන්‌ පුරා මල්‌ සුවඳ ඉසිනවා
රැවන්‌ වලාවන්‌ යහන සදනවා
ඇසින්‌ කඳුළු වී සතුට ගලනවා
සුරන්‌ සමඟ දූ කමරි නිදනවා.../ /

පරසතු කුසුමක්‌...

සවිදි සියළු යස ඉසුරැ කිරැළඑලා
නොවිඳි මහිම දියණිය ගගෙන එනවා
ලොවම එරෙහි වෙද ඒ දුක පිසදා
දියණි යළිදු අපගේ ලොව වෙනවා.../ /

පරසතු කුසුමක්‌...",Bandula Nanayakkarawasam,Deepika Priyadarshan & Rohana Weerasinghe,Rohana Weerasinghe,NA,2012,පරසතු කුසුමක්‌,You belong to someone else,Girl,Flower
Api ekama raane kurullo,"අපි එකම රෑනේ කුරුල්ලෝ
අපි එකම රෑනේ කුරුල්ලෝ
මේ පාරා..දීසේ......
නෑ වෙන්වන්නේ.. නෑ තනිවෙන්නේ
වරෙල්ලා.... මේ රෑනේ
වරෙල්ලා.... මේ රෑනේ

මදු තියලා
දැල් එළලා
නෑ පැටලෙන්නෙ අපී
අපේම ලොවකට පියඹා යන්නේ
වරෙල්ලා.... මේ රෑනේ
වරෙල්ලා.... මේ රෑනේ

අපි එකම රෑනේ කුරුල්ලෝ...

තටු ලැබුනේ
පියඹා යන්නයි
කූඩුව දොරකඩ ඉන්.න නොවෙයි
අපේම ලොවකට පියඹා යන්නේ
වරෙල්ලා.... මේ රෑනේ
වරෙල්ලා.... මේ රෑනේ

අපි එකම රෑනේ කුරුල්ලෝ
අපි එකම රෑනේ කුරුල්ලෝ
මේ පාරා..දීසේ......
නෑ වෙන්වන්නේ.. නෑ තනිවෙන්නේ
වරෙල්ලා.... මේ රෑනේ
වරෙල්ලා.... මේ රෑනේ
වරෙල්ලා.... මේ රෑනේ",Ven. Elle Gunawansa Thero,Wijesundara Weragoda,Wijesundara Weragoda,NA,2012,අපි එකම රෑනෙ කුරුල්ලෝ,We are equals,People,Birds
Kailashini,"චේතනා මෝදුවන ලොචනා
ස්ව්ප්න මත මානාරි රූ මෝරනා
යා වෙනා ප්‍රේමයට කාරණා
රාග මන රහසේම පාවි ගියා

සේයා වෙනා ඈ රූ රටා
සිත් අහසේ අශා මවා

දෙව්ළියේ මන බන්දනා
පෙම් කවයි රස කැන්දනා
ඉසියෝග මන නන්දනා
සද දියේ ඉන්ගි වස්සනා 
දෙව්ලොවින් ඇය ඉල්ලලා
කෛලාශ ගිරි වන්දනා

නෙත් සලා ආදරය වස්සනා
චන්ද වත සේයාවි මේර රෑ පුරා
ගිම් නිවා මීන නෙතු ගස්සනා
සේද වත සිහිවීලා ආශා මවා

රාශි හැගුම් වෑහෙනා 
නාරි නුවන් නාඩනා
සරාගී ඈ සිනා
සද යායේ යාවී පේනා
සිත නිවී සැනහෙනා",Shehan Galahitiyawa,Eranga Abeygunasekara,Yasas Medagedara,NA,2019,සේයා වෙනා ඈ රූ රටා,Imagining her appearance,Girl,Silhouette
Alawantha Neth,"ආලවන්ත නෙත් විදා මන්දහාස නංවනා
සඳකින්දරී සුන්දරී මුතු පලස මත දිදුලනා
මනබන්දනී නන්දනී මුතු පලස මත හිනැහෙනා

සඳකැන් හොරෙන් මුව තවරලා
මල් මල් ගවුමකින් ගත සරසලා
ඉඳිකඩ උඩින් තරුනෙත් වසා
මතකයි තවත් අපි හිනැහුණා
මතකයි …. තවත් ඔයා හිනැහුණා

සිහිලැල් සුළං රැල්ලක එතී
වනමල් උයන් හැරදා අප සිටී
මතකෙන් මකා අපි පෙම් කළ හැටී
මතකයි ඔයා මං හැරගිය හැටි
මතකයි …. තවත් ඔයා හිටි හැටි

ආලවන්ත නෙත් විදා මන්දහාස නංවනා
සඳකින්දරී සුන්දරී මුතු පලස මත දිදුලනා
මනබන්දනී නන්දනී මුතු පලස මත හිනැහෙනා",Buddhika Kulasekara,Dayasiri Jayasekara,Madawa Hewawasam,NA,2013,සඳකැන් හොරෙන් මුව තවරලා,Applying shine on lips,Lip shine,Moon light
Heena thataketa,"හීන තටාකෙක මූන බලාගෙන ඔබට කතා කෙරුවා
පාර පුරාවට ආල නුරාවට අපට කතා හැදුනා

බලා ඉන්න ඇස් දෙක දල්වා
හිතේ ඇල්ම මා වෙත රන්දා
මුවා වෙන්න මල් පෙති තිබ්බා
සුසුම් ඇවිත් තොල් පෙති සිම්ඹා

එහෙම වෙලාවට යහන පුරාවට නුඹගෙ සුවඳ සෙව්වා
හංසියේ පාන සිනාවට ලෝබ වෙලා මම කඳුලු පවා සැලුවා

හීන තටාකෙක මූන බලාගෙන ඔබට කතා කෙරුවා
පාර පුරාවට ආල නුරාවට අපට කතා හැදුනා

බලා ඉන්න ඇස් දෙක දල්වා
හිතේ ඇල්ම මා වෙත රන්දා
මුවා වෙන්න මල් පෙති තිබ්බා
සුසුම් ඇවිත් තොල් පෙති සිම්ඹා

හංසියේ මොනවා කලත් මම ඔබට හෘදෙ පිදුවා
මගෙ හීන ලොවේ පෙම් රැජින වෙලා ඔබ තුරුලු වෙලා හිටියා පපුවට

හීන තටාකෙක මූන බලාගෙන ඔබට කතා කෙරුවා
පාර පුරාවට ආල නුරාවට අපට කතා හැදුනා",Chillie,Chillie,Chillie,Beginnig New Music,2012,හීන තටාකෙක,A lot of dreams,Dreams,Pool
Sithin Prema Wadana,"සිතින් ප්‍රේම වඩනා
මා සුරංගනාවී
මගේ ලයේ දැවටී
දුක් තැවුල් නිවාවී
තාරකා රිදී සිනාවන්
අහස්කුස මැවූ රටාවන්
පීදෙනා මගේ හැගුම් සිත්තම්
මා දිව්‍යය අංගනාවී

දේදුන්නේ හීන කැන්දූ
නීල වර්ණේ
නේත්‍රා මනරම්
රෑ කාලේ සේද රැන්දූ
කේෂ සේනා මවනා සිතුවම්

සිතින් ප්‍රේම වඩනා
මා සුරංගනාවී
මගේ ලයේ දැවටී
දුක් තැවුල් නිවාවී
තාරකා රිදී සිනාවන්
අහස්කුස මැවූ රටාවන්
පීදෙනා මගේ හැගුම් සිත්තම්
මා දිව්‍යය අංගනාවී

හැන්දෑවේ සයුරු තීරේ
කීව ගීතේ මාත්‍රා හුරතල්
මල් වාගෙ කෝල බැල්ම
පෑයු මූනේ මායා විකුමන්
මාලතී කොපුල් සිනාසී
ආදරේ දෝර ගලාවී
සුසුම් වැල් දෑසේ මියැදී

සිතින් ප්‍රේම වඩනා
මා සුරංගනාවී
මගේ ලයේ දැවටී
දුක් තැවුල් නිවාවී
තාරකා රිදී සිනාවන්
අහස්කුස මැවූ රටාවන්
පීදෙනා මගේ හැගුම් සිත්තම්
මා දිව්‍යය අංගනාවී

සිතින් ප්‍රේම වඩනා
මා සුරංගනාවී
මගේ ලයේ දැවටී
දුක් තැවුල් නිවාවී
තාරකා රිදී සිනාවන්
අහස්කුස මැවූ රටාවන්
පීදෙනා මගේ හැගුම් සිත්තම්
මා දිව්‍යය අංගනාවී",Sampath Fernandopulle,Prasanga Thisera,Prasanga Thisera,NA,2018,තාරකා රිදී සිනාවන්,Bright smile,Stars,Smile
Sandawatha Ahasin,"සදවත අහසින් වැටිලා උන්නද මන්දා මිදුලේ
නොකියම ඔය හිත උදුරන් 
යන්නට හිතුනා කෙල්ලේ
තනි වූ වෙලාවක ඔබ මගේ ලග ඉන්න මා
 හැරදා නොයා...
පපුවේ තියා හිස ඉල්ලුවොත් හිත දෙනව මං
 නොමිලෙම ලියා...

මගේ පාළු ජීවිතේ තනියට තනිකම රැදුණේ
ඔය නුහුරු නෙතු බැල්මේ හුරු හිතවත්කම තිබුණේ 
තනි වූ වෙලාවක ඔබ මගේ ලග ඉන්න මා
 හැරදා නොයා...
පපුවේ තියා හිස ඉල්ලුවොත් හිත දෙනව මං
 නොමිලෙම ලියා...

දිගු නීල ඇස් රහසේ ඉගලෙයි නොපෙනෙන මානේ
මගේ හීන මට ඕනේ කවදද ඔබ මගේ වෙන්නේ
තනි වූ වෙලාවක ඔබ මගේ ලග ඉන්න මා
 හැරදා නොයා...
පපුවේ තියා හිස ඉල්ලුවොත් හිත දෙනව මං
 නොමිලෙම ලියා...

සදවත අහසින් වැටිලා......
",Saman Edirimuni,MG Dhanushka,Udara Samaraweera,NA,2014,සදවත,Beautiful girl,Girl,Moon
Madhurabhani,"ඒ දෑස පේනා රෑ හීන ගානේ
දැනීලා කථා
කල්පනාවේ සරා

රෑ නින්ද නේනා
ඈ දෑස මානේ
මැවීලා නිසා
රූ ඇගේ සිහිවුනා

මේ හීන ගානේ මං
පෑ කෝල ආයාචනා
පේන හීන නම්
මං බොහොම ආශා කළා
මධුරභාණී මගේ
මට පෑහෙනා

ඒ දෑස පේනා රෑ හීන ගානේ
දැනීලා කථා
කල්පනාවේ සරා

රෑ නින්ද නේනා
ඈ දෑස මානේ
මැවීලා නිසා
රූ ඇගේ සිහිවුනා

මාරුතේ සිහින ගේනා
රෑ පුරා සිහින සේනා
කාරනා තේරුණා

ආදරේ හේතූ ගේනා
ජීවිතේ ඈත පේනා
ආදරී ලංවුනා

මේ හීන ගානේ මං
පෑ කෝල ආයාචනා
පේන හීන නම්
මං බොහොම ආශා කළා
මධුරභාණී මගේ
මට පෑහෙනා

ඒ දෑස පේනා රෑ හීන ගානේ
දැනීලා කථා
කල්පනාවේ සරා

රෑ නින්ද නේනා
ඈ දෑස මානේ
මැවීලා නිසා
රූ ඇගේ සිහිවුනා",Shehan Galahitiyawa,Yasas Medagedara,Yasas Medagedara,NA,2020,මාරුතේ සිහින ගේනා,Giving hope,Hope,Road with dreams
Ekama Gaani,"අද නම් මාරම දවසක්
හොඳට පායන හවසක්
සූස්ථිය ගහගෙන කැටේ මං නැගලා යන්නේ මං car
එකේ ගමනක්
හම්බෙන්න ලස්සන අඟනක්
ගැළපුණත් නැතත් හඳහන්
අම්මේ මං ආසයි මේ කෙල්ලට
හම කලු සුදු කලවන්
තනි කලු මට අරහන්
තනි සුදුත් මට අරහන්
ලෙඩ හැදුණොත් නම් සමහන්
අනේ උඹේ මචං සමයන්
කබ්බ බන් යන්නේ බන් වක්කරලා ගැහුවොත්
කලු සුදු දෙක කලවන්
මුද්ද මං දාන්නේ උඹේ ඇඟිල්ලට බෙල්ලේ මං මාල දැන් තවරන්

අද නම් මාරම දවසක්
නැගිට්ට උදේම ගමනක්
එතුව සැරට පන්දමක්
බලන්ඩ යනවා අඟනක්
පිම්බල වන්ඩීයේ ගමට
යනවා ඇයව කැන්දාන
කිරිල්ලී මගම එනවා
හඳහන් නැතුව එනවා
KK තමා මගේ නම
පට්ට කළුයි මගේ හම
සල්ලි ඇත්තේ මගේ ළඟ
ගලවනවා ඒත් දත
ගලවනවා ඒත් දත කූඩූ කරන් මම ඇය
කූඩූ කරන් මම ඇය කරනවා මම සැර

උඹ කරාට සැර මම නම් කරන් නෑ සැර
දාලා මං හොඳට වැර පස්සෙන් තමයි බර
ඒ වුණාට බාන් බොල මේ වැඩේ මාර කැත
Call කරලා තියෙන්නේ මචං මන් එකම ගෑනී ගැන
ඇයි බං අපිට මෙහෙම වෙන්නේ
KK බං ඇයි මට ගෑනූ ඕනේ
මේ ගෑනී තියාගෙන අපි
සහයෝගෙන් අපි බං ගේම දෙන්නේ
මොකටද බං කෙල්ලො දෙකක්
තියාගමු අපි එකක්
හදමු අපි බං බබ්බු ගොඩක්
ගොඩ දාමු අපි රටක්

ගොඩ දාමු මචං රටක්
දෙමු තාරුණ්‍යට හෙටක්
සෙට්වෙල තුන් දෙනා වක්කරන් නැටුම් තෙල්
ගහමුද ඕමි අතක්
හාමිනේ කැමතිනම් දැන් කියන්නද මං රැපක්
Scene එක ගමම දැනගත්තොත් උන් ගනී හොඳ සැපක්
මිහිරිම කට හඬක් හොඳ උඩරට කන්දක්
හඳහන් ගැළපුණත් නැතත් මේක නන් පට්ටම වැඩක්
කොස්තා KK Set වුණොත් පිස්සුම හැදෙන සඳක්
එකම ගෑනී set කරගෙන hit කරමු අපි වැලක්

Share කරමු මේ මගුල මොකද කියන්නේ කොස්තා
යන විදියට කඩේන් නවත්තලා ගන්න වෙන්නේ මචං astra
ආසයි ඒ ලැම ගස්සන දිගැස් තියන ගමේ කෙල්ලට
රොන් ටික බොන්න බලන් ඉන්න මැස්සෝ වගේද මේ කැස්ස
Ill take you from සාලේ to කාමරේ
මහන්සි උනාම හාමිනේ
Tag team එක mad scene එක මොනා වුණත් මම ආදරෙයි
හදමු නේ අපි බබ්බු ගොඩක් ගමු නේද සුර සැපක්
මචං අද මාරම දවසක්

අද නම් මාරම දවසක්
හොඳට පායන හවසක්
සූස්ථිය ගහගෙන කැටේ මං නැගලා යන්නේ මං car
එකේ ගමනක්
හම්බෙන්න ලස්සන අඟනක්
ගැළපුණත් නැතත් හඳහන්
අම්මේ මං ආසයි මේ කෙල්ලට
හම කලු සුදු කලවන්
තනි කලු මට අරහන්
තනි සුදුත් මට අරහන්
ලෙඩ හැදුණොත් නම් සමහන්
අනේ උඹේ මචං සමයන්
කබ්බ බන් යන්නේ බන් වක්කරලා ගැහුවොත්
කලු සුදු දෙක කලවන්
මුද්ද මං දාන්නේ උඹේ ඇඟිල්ලට බෙල්ලේ මං මාල දැන් තවරන්",Costa; KK,Costa; KK,Azim Ousman,Paavi Paavi 3,2022,කිරිල්ලී මගම එනවා,She's on the way,Girl,Bird
Malini,"නුබ උනොත් මාලිනි
නුබේ අත ගන්න මම තමයි ගාමිනි
සිතුවිලි යා වුනි
නුබේ රූපේයි හැදියාවයි දෙකෙන් හිත මගේ සෑදුනි
බලන්න සඳ මාලිනි
කියන්න නුබ තමයි මගේ ස්වාමිනි
දුමෙන් අපි පාවුනි
මාලනි නුබයි මම හැඩකාර ගාමිනි
මම හැඩකාර ගාමිනි
මම හැඩකාර ගාමිනි
නුබ උනොත් මාලිනි
නුබේ අත ගන්න තමයි

බොඳවී යන මීදුම
හිත පාරන නුබ රුව රූප කාය මනරම්
වගේ සීගිරි බිතුසිතුවම්
ඔබේ රූප කාය මනරම්
මා නුබ ගැන සිතමින් මම කවිපද
ලීවේ රාත්‍රී කාලයේ මා
ඔව් රාත්‍රී කාලයේ මා

නුබ උනොත් මාලිනි
නුබේ අත ගන්න මම තමයි ගාමිනි
දුමෙන් අපි පාවුනි
මාලනි නුබයි මම හැඩකාර ගාමිනි
නුබ උනොත් මාලිනි
නුබේ අත ගන්න මම තමයි ගාමිනි
සිතුවිලි යා වුනි
නුබේ රූපේයි හැදියාවයි දෙකෙන් හිත මගේ සෑදුනි
බලන්න සඳ මාලිනි
කියන්න නුබ තමයි මගේ ස්වාමිනි
දුමෙන් අපි පාවුනි
මාලනි නුබයි මම හැඩකාර ගාමිනි
මම හැඩකාර ගාමිනි
මම හැඩකාර ගාමිනි
නුබ උනොත් මාලිනි
නුබේ අත ගන්න තමයි
නුබේ හැඩකාර ගාමිනි

නුබ කඩවසම් බොදු ගොවිකුලේ ඇද නුබ සරම්
මම කල් අරන් බඩුමුට්ටුත් කෑමට වලං
නුබ උනොත් ගාමිනි
නුබේ අත ගන්න මම තමයි මාලිනි
සිතුවිලි යා වුනි
නුබේ කඩවසම් හින්දා සිත කිති කෑවුනි
බලන්න සඳ ගාමිනි
නුබ සැමදා සඳ මගේ ස්වාමිනි දෑවදි බාර දී
මාලනි මමයි නුබේ හැඩකාර ස්වාමිනි
හැඩකාර ස්වාමිනි
නුබේ හැඩකාර ස්වාමිනි
මාලනි මමයි නුබේ හැඩකාර ස්වාමිනි",Prathap Costa; Shehan Miraj,Costa; Stephanie Sansoni,Azim Ousman,NA,2022,නුබේ අත ගන්න තමයි,To marry,Marrying,Taking the hand
Paavi Ahase Tharuwak,"පාවී අහසේ තරුවක්
ආසයි බලන් ඉන්න තවත් වරුවක්
ඉන්නෙ මම රැස් පුරුදු ලෙස පාවෙවී අහසේ
සින්දු කියලා මගේ පාවෙන මනසේ

පාවී අහසේ තරුවක්
ආසයි බලන් ඉන්න තවත් වරුවක්
ඉන්නෙ මම රැස් පුරුදු ලෙස පාවෙවී අහසේ
සින්දු කියලා මගේ පාවෙන මනසේ

පාවී අහසේ තරුවක් වාගේ
මම ආය යන්නේ මට හිමි පාරේ
හිතේ මගේ ආයේ නෑනේ ආලේ
මට තුරන් වෙලා යයි මේ කාලේ
මිහිරාවි ඈ මිහිරාවි ඈ
අද ඇය කෝ අද ඇය කෝ
තනිකමක් නෑ තනිකමක් නෑ
ලෝකෙම දැන් Slow
තරුත් එක්ක නිදි මේ රෑ
උඹේ අත ආය මට ඕනේ නෑ
ආය ඕනේ නෑ ඕනේ නෑ
මට ආය ඕනේ නෑ මං ආයේත් එන්නේ නෑ
ආයේත් එන්නේ නෑ මට ආලේ ඕනේ නෑ
හීනේට මං යාවි මගේ ලෝකෙට මං යාවි
යන්නේ සුළගේ මං පාවි හැරදා
හැමදාටම යාවි මං

පාවී අහසේ තරුවක්
ආසයි බලන් ඉන්න තවත් වරුවක්
ඉන්නෙ මම රැස් පුරුදු ලෙස පාවෙවී අහසේ
සින්දු කියලා මගේ පාවෙන මනසේ

පාවී අහසේ තරුවක්
ආසයි බලන් ඉන්න තවත් වරුවක්
ඉන්නෙ මම රැස් පුරුදු ලෙස පාවෙවී අහසේ
සින්දු කියලා මගේ පාවෙන මනසේ

ලෝකෙම Slow
මම ප්‍රශ්න ඉදන් වද්දගත්තා Bro
හිත අද නෑ ඒක තැන නෑ
සුපුරුදු ලෙස පාවෙමි ලෝකේ රෑ
ඔව් පාලුවෙන් තනිකම මගේ යාලුවෙන්
උහුලන ගිණි පාලුවෙන්
පාවෙන සිතුවම් කාලෙක නුඹ සමගින්
අද නෑ තනිකම හුරුවෙලා තනියක් නෑ
සුපුරුදු ලෙස කොල්ලො වටවෙලා රෑ
නුඹ මැද්දෙන් පීනන් රෑ
සිනහව දුක පරදයි ඈ
ඕනේ නෑ නුඹේ ආලේ රෑ
ඔව් ඈතින් සිතුවිලි මගේ ඈතින්
පියාඹන් නෑ උඹේ රූපේ උඹේ රූපේ මා හට

පාවී අහසේ තරුවක්
ආසයි බලන් ඉන්න තවත් වරුවක්
ඉන්නෙ මම රැස් පුරුදු ලෙස පාවෙවී අහසේ
සින්දු කියලා මගේ පාවෙන මනසේ

පාවී අහසේ තරුවක්
ආසයි බලන් ඉන්න තවත් වරුවක්
ඉන්නෙ මම රැස් පුරුදු ලෙස පාවෙවී අහසේ
සින්දු කියලා මගේ පාවෙන මනසේ",Costa; Tikx Kooda,Costa; Tikx Kooda,Azim Ousman,Paavi Paavi 3,2022,මිහිරාවි ඈ මිහිරාවි ඈ,She's pleasant,Girl,Pleasant music
Giyath Dama,"හදිසියෙන් යද්දී ඔබ දුරට මා ගෙන්
දුටුවාද කදුළු දෑසේ
ඒ ආදරයයි මා පැතුවේ
ඉක්මනින් එන්න මා කීව වචනේ
ඇයි නෑසුනා වාගේ
තනිකම විතරක් ඉතිරි කළේ
මේ පපුවේ ගිනි දැල්වේ
එක මොහොතක් ඉන්නට බෑ ඈතින්
පෙර වාගේ ඔය තුරුලේ
තව මොහොතක් ඉන්නට බෑ ආයෙත්

ගියත් දමා නෑ වෛර කළේ
ඔබේ මතකෙන් අදත් මා තනිවී
නෑ ඉතින් තවත් කෙනෙක්
මගේ ලොකේ ආදරෙන් රැවටූ

හීන ගොඩක් අයිති කරන්
ඇවිත් දුරක් මා දැන්
අහිමි වෙලා ආදරයත්
අයිති දෙයක් නෑ දැන්

කිසි දිනේ කළේ නෑ පුංචි බොරුවක්
ඔය හිතට විහිළුවටවත්
රවටන්නට බෑ දැනුන හිතක්
මට පෙනී හිටිය ඔබ නොවේ හිටියේ
හැර යන්න හිතලා ළංවී
නැති ආදරයක් දීපූ හිතක්
මේ පපුවේ ගිනි දැල්වේ
එක මොහොතක් ඉන්නට බෑ ඈතින්
පෙර වාගේ ඔය තුරුලේ
තව මොහොතක් ඉන්නට බෑ ආයෙත්

ගියත් දමා නෑ වෛර කළේ
ඔබේ මතකෙන් අදත් මා තනිවී
නෑ ඉතින් තවත් කෙනෙක්
මගේ ලොකේ ආදරෙන් රැවටූ

හීන ගොඩක් අයිති කරන්
ඇවිත් දුරක් මා දැන්
අහිමි වෙලා ආදරයත්
අයිති දෙයක් නෑ දැන්",Yasith Dulshan,Kavindya Adikari,Tharindu Saranga,NA,2022,මේ පපුවේ ගිනි දැල්වේ,Heartbreak,Heartbreak,Fire
Swetha Heena,"මේ රෑ මා සිතැඟි ආශා වෑහෙනා
විමති වී සඳ සේ රූ සේයා
යාවෙනා ළංවෙනා
රූ ඡායා මනස රූ රා නැහැවිලා
සලිත වී මතුවේ
ඒ ඡායා රෑ පවා යාවෙනා

ස්වේත හීන පායා
මැවෙනා රූ සොබා වත
නින්ද නේන හේතු ගානේ
සිත ඇහැරෙනා සඳ රෑ පුරා

නෑ සීමා බිදෙති සීමා සෑහී මා
සුරත දී රිසි සේ මා
දෑසා පේවෙනා සැහෙනා
රූ සීරා සිහින රූ රා රෑ පීරා
උමතු වී සයනේ රූ තෝරා
මා වෙලා ලංවෙලා

ස්වේත හීන පායා
මැවෙනා රූ සොබා වත
නින්ද නේන හේතු ගානේ
සිත ඇහැරෙනා සඳ රෑ පුරා
සඳ රෑ පුරා",Shehan Galahitiyawa,Kavindya Adikari,YAKA,NA,2020,ස්වේත හීන පායා,Having positive dreams,White dreams,Positive dreams
Seema Maayim Kadaa,"මේ යන ගමනේ
නැවතුම කොතැනා
නොදනිමූ සදා
කොහේදෝ කියා

එක හුස්මක යා වෙලා
හැගුමන් අතුරා
විදිමු ආදරේ
හැම ජීවිතේම
ආදරෙන් සතපා තියා
හැගුමන් ගවසා
සරසා
එක් වී බැදී

සීමා මායිම් කඩා
නිදහස් ලෝකෙ කරා
මනුසත් නාමෙන් සිත් සනසන්නා

සංකා ප්‍රේමෙන් නිවා
සිවිසල් සාමේ බෙදා
ලෝකේ ආදරේ ගිල්වන්නා

මේ යන ගමනේ
රිදුමන් නිවලා
ලංවෙමූ දරා
සෙනෙහේ උතුරා
අපි කවුරුත් එක් වෙලා
පවසමු හඩගා

බෙදමු ආදරේ
හැම ජීවිතේ මා
ආදරෙන් සතපා තියා

හැගුමන් ගවසා
සරසා
එක් වී බැදී

සීමා මායිම් කඩා
නිදහස් ලෝකෙ කරා
මනුසත් නාමෙන් සිත් සනසන්නා

සංකා ප්‍රේමෙන් නිවා
සිවිසල් සාමේ බෙදා
ලෝකේ ආදරේ ගිල්වන්නා

සීමා මායිම් කඩා
නිදහස් ලෝකෙ කරා
මනුසත් නාමෙන් සිත් සනසන්නා

සංකා ප්‍රේමෙන් නිවා
සිවිසල් සාමේ බෙදා
ලෝකේ ආදරේ ගිල්වන්නා

සීමා මායිම් කඩා
නිදහස් ලෝකෙ කරා
මනුසත් නාමෙන් සිත් සනසන්නා

සංකා ප්‍රේමෙන් නිවා
සිවිසල් සාමේ බෙදා
ලෝකේ ආදරේ ගිල්වන්නා",Shehan Galahitiyawa ,Daddy; WAYO,Vinod Melpitiya,NA,2022,එක හුස්මක යා වෙලා,Being united,Unity,Connected breaths
Soyanne Ape Adare,"නිල් අහසට පායන පුන් සද
තරු නැතුවම වැලපිල අද
ගැලු පිනි කදුලු විසිරී මල් අත
සොයන්නේ අපේ ආදරේ

මල් ගොමුවක වහෙන රොන් සුව
විදගන්නට පියබන බින්ගු කැල
වසන්තය පුර බලමින් දසත
සොයන්නෙ අපේ ආදරේ

ආදරියේ මගේ සැමදා මා හදේ

රැදෙන්නම් කියා කීලෙසේ
සුන්දරියේ මගේ මට හිමි ආදරේ
රකින්නම් කියා දියුරමි

රෑ තුන් යම මැවෙනා පෙම් ලොව

මා තනියෙම කල්පනා ලොව
ලියු පෙම් හසුන් ගායන ගේ නඩ
කියන්නේ අපේ ආදරේ

ආදරියේ මගේ සැමදා මා හදේ

රැදෙන්නම් කියා කීලෙසේ
සුන්දරියේ මගේ මට හිමි ආදරේ
රකින්නම් මගේ දිවි තුරා

රකින්නම් මගේ දිවි තුරා",Sanuka Wikramasinghe,WAYO,Sanuka Wickramasinghe,NA,2017,ගැලු පිනි කදුලු විසිරී මල් අත,Sadness,Tears,Dew
Malak Nidi Mal Godak Meda,"බලන් ඒ කිරි සිනා සඳ
නිදන් සඳ උනුහුමේ වැද
නගන් නින්දෙත් සිනා මද
මලක් නිදි මල් ගොඩක් මැද

සුසුම් ගොළු රස මිහිරි නද
උතුර ගලනා සෙනෙහෙ කඳ
තුරුල් දම් මව් සෙනෙහෙ ලද
මලක් නිදි මල් ගොඩක් මැද

අපූරුව හැඩ මවන ලෙද
තවත් සැපතක් ලොවේ වෙද
මුවින් කොපුලින් තොලින් තෙද
මලක් නිදි මල් ගොඩක් මැද

දෙතන රූරා සුවඳ බිඳ
හැරුනු ලේ කිරි රසේ විඳ
සොඳුරු මල් ගොමු තුරුලෙ හිඳ
මලක් නිදි මල් ගොඩක් මැද",Jagath Perera,WAYO,Senanga Dissanayake,NA,2021,"නිදන් සඳ උනුහුමේ වැද",The baby is sleeping in comfort,Baby,Moon
Handa Allanna Aasa Gamana,"කදුලු තිබුනාද මාවතේ
රුදුරු හන්දාම ජීවිතේ

වතුර හෙව්වාද හාමතේ
පැදුරු නැති රෑක නිදිමතේ

අපි පාවෙන ලෝකේ
ඇවිදින චාරිකාවේ

දවසක පාවේදෝ අහසේ
හද අල්ලන් ආස ගමනේ

පුරන් වූ දාක ආදරේ
පුරන් වූවාද ජීවිතේ

පහස දැනුනාම තනිකමේ
දෙබස් ඇහුනාද හදවතේ

අපි පාවෙන ලෝකේ
ඇවිදින චාරිකාවේ

දවසක පාවේදෝ අහසේ
හද අල්ලන් ආස ගමනේ

සතුට හෙව්වාට දස අතේ
කදුලු ආවාද හිතුමතේ

නොමැති වූ දාක කැමති දේ
අදුර ගත්තා ද හිත අපේ

අපි ආගිය පාරේ
එනවද නෑ පේන මානේ

දවසක පාවේදෝ අහසේ
හද අල්ලන් ආස ගමනේ

අපි පාවෙන ලෝකේ
ඇවිදින චාරිකාවේ

දවසක පාවේදෝ අහසේ
හද අල්ලන් ආස ගමනේ",Methun SK,WAYO,Vinod Melpitiya,NA,2020,කදුලු තිබුනාද මාවතේ,Eventhough there were sad incidents in the journey,Sadness in life,Tears on road